ticker,asset_class,currency,factor,factor_label,direction,magnitude,sensitivity_level,raw_value,value_basis,sign_positive_meaning,sign_negative_meaning,structural_tags,evidence_metrics
000270.KS,kr_stock,KRW,market_beta_sp500,S&P500 beta,neutral,0.049609,low,-0.049609,beta_sp500_1y_krw,SPY와 같은 방향,SPY와 반대 방향,,beta_sp500_1y_krw=-0.049609
000270.KS,kr_stock,KRW,downside_beta_sp500,S&P500 downside beta,neutral,0.048618,low,-0.048618,downside_beta_sp500_1y_krw,미국 증시 하락일에 함께 하락,미국 증시 하락일에 반대로 움직임,,downside_beta_sp500_1y_krw=-0.048618
000270.KS,kr_stock,KRW,corr_sp500_60d,S&P500 60d correlation,negative,0.271043,low,-0.271043,corr_sp500_60d_krw,SPY와 같은 방향,SPY와 반대 방향,,corr_sp500_60d_krw=-0.271043
000270.KS,kr_stock,KRW,corr_kospi200_60d,KOSPI200 60d correlation,positive,0.654477,high,0.654477,corr_kospi200_60d_krw,KOSPI200과 같은 방향,KOSPI200과 반대 방향,,corr_kospi200_60d_krw=0.654477
000270.KS,kr_stock,KRW,stress_response,Stress-period average return,negative,0.001682,medium,-0.001682,avg_stress_ret_krw,위기구간에서 플러스 성과,위기구간에서 마이너스 성과,,avg_stress_ret_krw=-0.001682
000660.KS,kr_stock,KRW,market_beta_sp500,S&P500 beta,neutral,0.026848,low,-0.026848,beta_sp500_1y_krw,SPY와 같은 방향,SPY와 반대 방향,,beta_sp500_1y_krw=-0.026848
000660.KS,kr_stock,KRW,downside_beta_sp500,S&P500 downside beta,neutral,0.062254,low,0.062254,downside_beta_sp500_1y_krw,미국 증시 하락일에 함께 하락,미국 증시 하락일에 반대로 움직임,,downside_beta_sp500_1y_krw=0.062254
000660.KS,kr_stock,KRW,corr_sp500_60d,S&P500 60d correlation,negative,0.365157,medium,-0.365157,corr_sp500_60d_krw,SPY와 같은 방향,SPY와 반대 방향,,corr_sp500_60d_krw=-0.365157
000660.KS,kr_stock,KRW,corr_kospi200_60d,KOSPI200 60d correlation,positive,0.892238,high,0.892238,corr_kospi200_60d_krw,KOSPI200과 같은 방향,KOSPI200과 반대 방향,,corr_kospi200_60d_krw=0.892238
000660.KS,kr_stock,KRW,stress_response,Stress-period average return,negative,0.003018,high,-0.003018,avg_stress_ret_krw,위기구간에서 플러스 성과,위기구간에서 마이너스 성과,,avg_stress_ret_krw=-0.003018
000810.KS,kr_stock,KRW,market_beta_sp500,S&P500 beta,neutral,0.078763,low,-0.078763,beta_sp500_1y_krw,SPY와 같은 방향,SPY와 반대 방향,,beta_sp500_1y_krw=-0.078763
000810.KS,kr_stock,KRW,downside_beta_sp500,S&P500 downside beta,neutral,0.056822,low,-0.056822,downside_beta_sp500_1y_krw,미국 증시 하락일에 함께 하락,미국 증시 하락일에 반대로 움직임,,downside_beta_sp500_1y_krw=-0.056822
000810.KS,kr_stock,KRW,corr_sp500_60d,S&P500 60d correlation,neutral,0.045126,low,-0.045126,corr_sp500_60d_krw,SPY와 같은 방향,SPY와 반대 방향,,corr_sp500_60d_krw=-0.045126
000810.KS,kr_stock,KRW,corr_kospi200_60d,KOSPI200 60d correlation,positive,0.261842,low,0.261842,corr_kospi200_60d_krw,KOSPI200과 같은 방향,KOSPI200과 반대 방향,,corr_kospi200_60d_krw=0.261842
000810.KS,kr_stock,KRW,stress_response,Stress-period average return,negative,0.00137,low,-0.00137,avg_stress_ret_krw,위기구간에서 플러스 성과,위기구간에서 마이너스 성과,,avg_stress_ret_krw=-0.00137
003670.KS,kr_stock,KRW,market_beta_sp500,S&P500 beta,neutral,0.091485,low,-0.091485,beta_sp500_1y_krw,SPY와 같은 방향,SPY와 반대 방향,,beta_sp500_1y_krw=-0.091485
003670.KS,kr_stock,KRW,downside_beta_sp500,S&P500 downside beta,negative,0.107953,low,-0.107953,downside_beta_sp500_1y_krw,미국 증시 하락일에 함께 하락,미국 증시 하락일에 반대로 움직임,,downside_beta_sp500_1y_krw=-0.107953
003670.KS,kr_stock,KRW,corr_sp500_60d,S&P500 60d correlation,negative,0.447296,medium,-0.447296,corr_sp500_60d_krw,SPY와 같은 방향,SPY와 반대 방향,,corr_sp500_60d_krw=-0.447296
003670.KS,kr_stock,KRW,corr_kospi200_60d,KOSPI200 60d correlation,positive,0.690082,high,0.690082,corr_kospi200_60d_krw,KOSPI200과 같은 방향,KOSPI200과 반대 방향,,corr_kospi200_60d_krw=0.690082
003670.KS,kr_stock,KRW,stress_response,Stress-period average return,negative,0.009845,high,-0.009845,avg_stress_ret_krw,위기구간에서 플러스 성과,위기구간에서 마이너스 성과,,avg_stress_ret_krw=-0.009845
005380.KS,kr_stock,KRW,market_beta_sp500,S&P500 beta,neutral,0.046692,low,-0.046692,beta_sp500_1y_krw,SPY와 같은 방향,SPY와 반대 방향,,beta_sp500_1y_krw=-0.046692
005380.KS,kr_stock,KRW,downside_beta_sp500,S&P500 downside beta,neutral,0.047033,low,0.047033,downside_beta_sp500_1y_krw,미국 증시 하락일에 함께 하락,미국 증시 하락일에 반대로 움직임,,downside_beta_sp500_1y_krw=0.047033
005380.KS,kr_stock,KRW,corr_sp500_60d,S&P500 60d correlation,negative,0.216556,low,-0.216556,corr_sp500_60d_krw,SPY와 같은 방향,SPY와 반대 방향,,corr_sp500_60d_krw=-0.216556
005380.KS,kr_stock,KRW,corr_kospi200_60d,KOSPI200 60d correlation,positive,0.585533,medium,0.585533,corr_kospi200_60d_krw,KOSPI200과 같은 방향,KOSPI200과 반대 방향,,corr_kospi200_60d_krw=0.585533
005380.KS,kr_stock,KRW,stress_response,Stress-period average return,negative,0.002556,medium,-0.002556,avg_stress_ret_krw,위기구간에서 플러스 성과,위기구간에서 마이너스 성과,,avg_stress_ret_krw=-0.002556
005490.KS,kr_stock,KRW,market_beta_sp500,S&P500 beta,neutral,0.084799,low,-0.084799,beta_sp500_1y_krw,SPY와 같은 방향,SPY와 반대 방향,,beta_sp500_1y_krw=-0.084799
005490.KS,kr_stock,KRW,downside_beta_sp500,S&P500 downside beta,negative,0.122753,low,-0.122753,downside_beta_sp500_1y_krw,미국 증시 하락일에 함께 하락,미국 증시 하락일에 반대로 움직임,,downside_beta_sp500_1y_krw=-0.122753
005490.KS,kr_stock,KRW,corr_sp500_60d,S&P500 60d correlation,negative,0.370433,medium,-0.370433,corr_sp500_60d_krw,SPY와 같은 방향,SPY와 반대 방향,,corr_sp500_60d_krw=-0.370433
005490.KS,kr_stock,KRW,corr_kospi200_60d,KOSPI200 60d correlation,positive,0.651178,high,0.651178,corr_kospi200_60d_krw,KOSPI200과 같은 방향,KOSPI200과 반대 방향,,corr_kospi200_60d_krw=0.651178
005490.KS,kr_stock,KRW,stress_response,Stress-period average return,negative,0.006627,high,-0.006627,avg_stress_ret_krw,위기구간에서 플러스 성과,위기구간에서 마이너스 성과,,avg_stress_ret_krw=-0.006627
005930.KS,kr_stock,KRW,market_beta_sp500,S&P500 beta,neutral,0.073128,low,-0.073128,beta_sp500_1y_krw,SPY와 같은 방향,SPY와 반대 방향,,beta_sp500_1y_krw=-0.073128
005930.KS,kr_stock,KRW,downside_beta_sp500,S&P500 downside beta,neutral,0.029293,low,-0.029293,downside_beta_sp500_1y_krw,미국 증시 하락일에 함께 하락,미국 증시 하락일에 반대로 움직임,,downside_beta_sp500_1y_krw=-0.029293
005930.KS,kr_stock,KRW,corr_sp500_60d,S&P500 60d correlation,negative,0.462833,medium,-0.462833,corr_sp500_60d_krw,SPY와 같은 방향,SPY와 반대 방향,,corr_sp500_60d_krw=-0.462833
005930.KS,kr_stock,KRW,corr_kospi200_60d,KOSPI200 60d correlation,positive,0.942501,high,0.942501,corr_kospi200_60d_krw,KOSPI200과 같은 방향,KOSPI200과 반대 방향,,corr_kospi200_60d_krw=0.942501
005930.KS,kr_stock,KRW,stress_response,Stress-period average return,negative,0.005609,high,-0.005609,avg_stress_ret_krw,위기구간에서 플러스 성과,위기구간에서 마이너스 성과,,avg_stress_ret_krw=-0.005609
006400.KS,kr_stock,KRW,market_beta_sp500,S&P500 beta,negative,0.138227,low,-0.138227,beta_sp500_1y_krw,SPY와 같은 방향,SPY와 반대 방향,,beta_sp500_1y_krw=-0.138227
006400.KS,kr_stock,KRW,downside_beta_sp500,S&P500 downside beta,negative,0.130596,low,-0.130596,downside_beta_sp500_1y_krw,미국 증시 하락일에 함께 하락,미국 증시 하락일에 반대로 움직임,,downside_beta_sp500_1y_krw=-0.130596
006400.KS,kr_stock,KRW,corr_sp500_60d,S&P500 60d correlation,negative,0.403416,medium,-0.403416,corr_sp500_60d_krw,SPY와 같은 방향,SPY와 반대 방향,,corr_sp500_60d_krw=-0.403416
006400.KS,kr_stock,KRW,corr_kospi200_60d,KOSPI200 60d correlation,positive,0.667757,high,0.667757,corr_kospi200_60d_krw,KOSPI200과 같은 방향,KOSPI200과 반대 방향,,corr_kospi200_60d_krw=0.667757
006400.KS,kr_stock,KRW,stress_response,Stress-period average return,negative,0.008172,high,-0.008172,avg_stress_ret_krw,위기구간에서 플러스 성과,위기구간에서 마이너스 성과,,avg_stress_ret_krw=-0.008172
011200.KS,kr_stock,KRW,market_beta_sp500,S&P500 beta,negative,0.183994,low,-0.183994,beta_sp500_1y_krw,SPY와 같은 방향,SPY와 반대 방향,,beta_sp500_1y_krw=-0.183994
011200.KS,kr_stock,KRW,downside_beta_sp500,S&P500 downside beta,negative,0.189747,low,-0.189747,downside_beta_sp500_1y_krw,미국 증시 하락일에 함께 하락,미국 증시 하락일에 반대로 움직임,,downside_beta_sp500_1y_krw=-0.189747
011200.KS,kr_stock,KRW,corr_sp500_60d,S&P500 60d correlation,negative,0.375652,medium,-0.375652,corr_sp500_60d_krw,SPY와 같은 방향,SPY와 반대 방향,,corr_sp500_60d_krw=-0.375652
011200.KS,kr_stock,KRW,corr_kospi200_60d,KOSPI200 60d correlation,positive,0.284802,low,0.284802,corr_kospi200_60d_krw,KOSPI200과 같은 방향,KOSPI200과 반대 방향,,corr_kospi200_60d_krw=0.284802
011200.KS,kr_stock,KRW,stress_response,Stress-period average return,negative,0.004006,high,-0.004006,avg_stress_ret_krw,위기구간에서 플러스 성과,위기구간에서 마이너스 성과,,avg_stress_ret_krw=-0.004006
017670.KS,kr_stock,KRW,market_beta_sp500,S&P500 beta,negative,0.107411,low,-0.107411,beta_sp500_1y_krw,SPY와 같은 방향,SPY와 반대 방향,,beta_sp500_1y_krw=-0.107411
017670.KS,kr_stock,KRW,downside_beta_sp500,S&P500 downside beta,neutral,0.04095,low,0.04095,downside_beta_sp500_1y_krw,미국 증시 하락일에 함께 하락,미국 증시 하락일에 반대로 움직임,,downside_beta_sp500_1y_krw=0.04095
017670.KS,kr_stock,KRW,corr_sp500_60d,S&P500 60d correlation,negative,0.517674,medium,-0.517674,corr_sp500_60d_krw,SPY와 같은 방향,SPY와 반대 방향,,corr_sp500_60d_krw=-0.517674
017670.KS,kr_stock,KRW,corr_kospi200_60d,KOSPI200 60d correlation,positive,0.556594,medium,0.556594,corr_kospi200_60d_krw,KOSPI200과 같은 방향,KOSPI200과 반대 방향,,corr_kospi200_60d_krw=0.556594
017670.KS,kr_stock,KRW,stress_response,Stress-period average return,neutral,0.000498,low,-0.000498,avg_stress_ret_krw,위기구간에서 플러스 성과,위기구간에서 마이너스 성과,,avg_stress_ret_krw=-0.000498
032830.KS,kr_stock,KRW,market_beta_sp500,S&P500 beta,neutral,0.093767,low,-0.093767,beta_sp500_1y_krw,SPY와 같은 방향,SPY와 반대 방향,,beta_sp500_1y_krw=-0.093767
032830.KS,kr_stock,KRW,downside_beta_sp500,S&P500 downside beta,neutral,0.075107,low,-0.075107,downside_beta_sp500_1y_krw,미국 증시 하락일에 함께 하락,미국 증시 하락일에 반대로 움직임,,downside_beta_sp500_1y_krw=-0.075107
032830.KS,kr_stock,KRW,corr_sp500_60d,S&P500 60d correlation,negative,0.422607,medium,-0.422607,corr_sp500_60d_krw,SPY와 같은 방향,SPY와 반대 방향,,corr_sp500_60d_krw=-0.422607
032830.KS,kr_stock,KRW,corr_kospi200_60d,KOSPI200 60d correlation,positive,0.685514,high,0.685514,corr_kospi200_60d_krw,KOSPI200과 같은 방향,KOSPI200과 반대 방향,,corr_kospi200_60d_krw=0.685514
032830.KS,kr_stock,KRW,stress_response,Stress-period average return,negative,0.003578,high,-0.003578,avg_stress_ret_krw,위기구간에서 플러스 성과,위기구간에서 마이너스 성과,,avg_stress_ret_krw=-0.003578
034020.KS,kr_stock,KRW,market_beta_sp500,S&P500 beta,neutral,0.042955,low,-0.042955,beta_sp500_1y_krw,SPY와 같은 방향,SPY와 반대 방향,,beta_sp500_1y_krw=-0.042955
034020.KS,kr_stock,KRW,downside_beta_sp500,S&P500 downside beta,positive,0.155164,low,0.155164,downside_beta_sp500_1y_krw,미국 증시 하락일에 함께 하락,미국 증시 하락일에 반대로 움직임,,downside_beta_sp500_1y_krw=0.155164
034020.KS,kr_stock,KRW,corr_sp500_60d,S&P500 60d correlation,negative,0.296101,low,-0.296101,corr_sp500_60d_krw,SPY와 같은 방향,SPY와 반대 방향,,corr_sp500_60d_krw=-0.296101
034020.KS,kr_stock,KRW,corr_kospi200_60d,KOSPI200 60d correlation,positive,0.755471,high,0.755471,corr_kospi200_60d_krw,KOSPI200과 같은 방향,KOSPI200과 반대 방향,,corr_kospi200_60d_krw=0.755471
034020.KS,kr_stock,KRW,stress_response,Stress-period average return,negative,0.005263,high,-0.005263,avg_stress_ret_krw,위기구간에서 플러스 성과,위기구간에서 마이너스 성과,,avg_stress_ret_krw=-0.005263
035420.KS,kr_stock,KRW,market_beta_sp500,S&P500 beta,neutral,0.081642,low,-0.081642,beta_sp500_1y_krw,SPY와 같은 방향,SPY와 반대 방향,,beta_sp500_1y_krw=-0.081642
035420.KS,kr_stock,KRW,downside_beta_sp500,S&P500 downside beta,neutral,0.014165,low,0.014165,downside_beta_sp500_1y_krw,미국 증시 하락일에 함께 하락,미국 증시 하락일에 반대로 움직임,,downside_beta_sp500_1y_krw=0.014165
035420.KS,kr_stock,KRW,corr_sp500_60d,S&P500 60d correlation,negative,0.325358,medium,-0.325358,corr_sp500_60d_krw,SPY와 같은 방향,SPY와 반대 방향,,corr_sp500_60d_krw=-0.325358
035420.KS,kr_stock,KRW,corr_kospi200_60d,KOSPI200 60d correlation,positive,0.631932,high,0.631932,corr_kospi200_60d_krw,KOSPI200과 같은 방향,KOSPI200과 반대 방향,,corr_kospi200_60d_krw=0.631932
035420.KS,kr_stock,KRW,stress_response,Stress-period average return,negative,0.006767,high,-0.006767,avg_stress_ret_krw,위기구간에서 플러스 성과,위기구간에서 마이너스 성과,,avg_stress_ret_krw=-0.006767
035720.KS,kr_stock,KRW,market_beta_sp500,S&P500 beta,negative,0.102612,low,-0.102612,beta_sp500_1y_krw,SPY와 같은 방향,SPY와 반대 방향,,beta_sp500_1y_krw=-0.102612
035720.KS,kr_stock,KRW,downside_beta_sp500,S&P500 downside beta,neutral,0.025291,low,-0.025291,downside_beta_sp500_1y_krw,미국 증시 하락일에 함께 하락,미국 증시 하락일에 반대로 움직임,,downside_beta_sp500_1y_krw=-0.025291
035720.KS,kr_stock,KRW,corr_sp500_60d,S&P500 60d correlation,negative,0.459312,medium,-0.459312,corr_sp500_60d_krw,SPY와 같은 방향,SPY와 반대 방향,,corr_sp500_60d_krw=-0.459312
035720.KS,kr_stock,KRW,corr_kospi200_60d,KOSPI200 60d correlation,positive,0.738983,high,0.738983,corr_kospi200_60d_krw,KOSPI200과 같은 방향,KOSPI200과 반대 방향,,corr_kospi200_60d_krw=0.738983
035720.KS,kr_stock,KRW,stress_response,Stress-period average return,negative,0.009048,high,-0.009048,avg_stress_ret_krw,위기구간에서 플러스 성과,위기구간에서 마이너스 성과,,avg_stress_ret_krw=-0.009048
051910.KS,kr_stock,KRW,market_beta_sp500,S&P500 beta,neutral,0.077625,low,-0.077625,beta_sp500_1y_krw,SPY와 같은 방향,SPY와 반대 방향,,beta_sp500_1y_krw=-0.077625
051910.KS,kr_stock,KRW,downside_beta_sp500,S&P500 downside beta,neutral,0.057299,low,-0.057299,downside_beta_sp500_1y_krw,미국 증시 하락일에 함께 하락,미국 증시 하락일에 반대로 움직임,,downside_beta_sp500_1y_krw=-0.057299
051910.KS,kr_stock,KRW,corr_sp500_60d,S&P500 60d correlation,negative,0.332189,medium,-0.332189,corr_sp500_60d_krw,SPY와 같은 방향,SPY와 반대 방향,,corr_sp500_60d_krw=-0.332189
051910.KS,kr_stock,KRW,corr_kospi200_60d,KOSPI200 60d correlation,positive,0.688437,high,0.688437,corr_kospi200_60d_krw,KOSPI200과 같은 방향,KOSPI200과 반대 방향,,corr_kospi200_60d_krw=0.688437
051910.KS,kr_stock,KRW,stress_response,Stress-period average return,negative,0.007061,high,-0.007061,avg_stress_ret_krw,위기구간에서 플러스 성과,위기구간에서 마이너스 성과,,avg_stress_ret_krw=-0.007061
055550.KS,kr_stock,KRW,market_beta_sp500,S&P500 beta,neutral,0.063363,low,-0.063363,beta_sp500_1y_krw,SPY와 같은 방향,SPY와 반대 방향,,beta_sp500_1y_krw=-0.063363
055550.KS,kr_stock,KRW,downside_beta_sp500,S&P500 downside beta,neutral,0.072488,low,-0.072488,downside_beta_sp500_1y_krw,미국 증시 하락일에 함께 하락,미국 증시 하락일에 반대로 움직임,,downside_beta_sp500_1y_krw=-0.072488
055550.KS,kr_stock,KRW,corr_sp500_60d,S&P500 60d correlation,negative,0.327076,medium,-0.327076,corr_sp500_60d_krw,SPY와 같은 방향,SPY와 반대 방향,,corr_sp500_60d_krw=-0.327076
055550.KS,kr_stock,KRW,corr_kospi200_60d,KOSPI200 60d correlation,positive,0.605396,high,0.605396,corr_kospi200_60d_krw,KOSPI200과 같은 방향,KOSPI200과 반대 방향,,corr_kospi200_60d_krw=0.605396
055550.KS,kr_stock,KRW,stress_response,Stress-period average return,negative,0.00497,high,-0.00497,avg_stress_ret_krw,위기구간에서 플러스 성과,위기구간에서 마이너스 성과,,avg_stress_ret_krw=-0.00497
066570.KS,kr_stock,KRW,market_beta_sp500,S&P500 beta,neutral,0.00832,low,-0.00832,beta_sp500_1y_krw,SPY와 같은 방향,SPY와 반대 방향,,beta_sp500_1y_krw=-0.00832
066570.KS,kr_stock,KRW,downside_beta_sp500,S&P500 downside beta,neutral,0.099759,low,0.099759,downside_beta_sp500_1y_krw,미국 증시 하락일에 함께 하락,미국 증시 하락일에 반대로 움직임,,downside_beta_sp500_1y_krw=0.099759
066570.KS,kr_stock,KRW,corr_sp500_60d,S&P500 60d correlation,negative,0.254559,low,-0.254559,corr_sp500_60d_krw,SPY와 같은 방향,SPY와 반대 방향,,corr_sp500_60d_krw=-0.254559
066570.KS,kr_stock,KRW,corr_kospi200_60d,KOSPI200 60d correlation,positive,0.574431,medium,0.574431,corr_kospi200_60d_krw,KOSPI200과 같은 방향,KOSPI200과 반대 방향,,corr_kospi200_60d_krw=0.574431
066570.KS,kr_stock,KRW,stress_response,Stress-period average return,negative,0.006067,high,-0.006067,avg_stress_ret_krw,위기구간에서 플러스 성과,위기구간에서 마이너스 성과,,avg_stress_ret_krw=-0.006067
068270.KS,kr_stock,KRW,market_beta_sp500,S&P500 beta,negative,0.127553,low,-0.127553,beta_sp500_1y_krw,SPY와 같은 방향,SPY와 반대 방향,,beta_sp500_1y_krw=-0.127553
068270.KS,kr_stock,KRW,downside_beta_sp500,S&P500 downside beta,negative,0.1212,low,-0.1212,downside_beta_sp500_1y_krw,미국 증시 하락일에 함께 하락,미국 증시 하락일에 반대로 움직임,,downside_beta_sp500_1y_krw=-0.1212
068270.KS,kr_stock,KRW,corr_sp500_60d,S&P500 60d correlation,negative,0.295603,low,-0.295603,corr_sp500_60d_krw,SPY와 같은 방향,SPY와 반대 방향,,corr_sp500_60d_krw=-0.295603
068270.KS,kr_stock,KRW,corr_kospi200_60d,KOSPI200 60d correlation,positive,0.655309,high,0.655309,corr_kospi200_60d_krw,KOSPI200과 같은 방향,KOSPI200과 반대 방향,,corr_kospi200_60d_krw=0.655309
068270.KS,kr_stock,KRW,stress_response,Stress-period average return,negative,0.001792,medium,-0.001792,avg_stress_ret_krw,위기구간에서 플러스 성과,위기구간에서 마이너스 성과,,avg_stress_ret_krw=-0.001792
105560.KS,kr_stock,KRW,market_beta_sp500,S&P500 beta,neutral,0.043784,low,-0.043784,beta_sp500_1y_krw,SPY와 같은 방향,SPY와 반대 방향,,beta_sp500_1y_krw=-0.043784
105560.KS,kr_stock,KRW,downside_beta_sp500,S&P500 downside beta,neutral,0.038052,low,-0.038052,downside_beta_sp500_1y_krw,미국 증시 하락일에 함께 하락,미국 증시 하락일에 반대로 움직임,,downside_beta_sp500_1y_krw=-0.038052
105560.KS,kr_stock,KRW,corr_sp500_60d,S&P500 60d correlation,negative,0.217528,low,-0.217528,corr_sp500_60d_krw,SPY와 같은 방향,SPY와 반대 방향,,corr_sp500_60d_krw=-0.217528
105560.KS,kr_stock,KRW,corr_kospi200_60d,KOSPI200 60d correlation,positive,0.663086,high,0.663086,corr_kospi200_60d_krw,KOSPI200과 같은 방향,KOSPI200과 반대 방향,,corr_kospi200_60d_krw=0.663086
105560.KS,kr_stock,KRW,stress_response,Stress-period average return,negative,0.004102,high,-0.004102,avg_stress_ret_krw,위기구간에서 플러스 성과,위기구간에서 마이너스 성과,,avg_stress_ret_krw=-0.004102
207940.KS,kr_stock,KRW,market_beta_sp500,S&P500 beta,neutral,0.074739,low,-0.074739,beta_sp500_1y_krw,SPY와 같은 방향,SPY와 반대 방향,,beta_sp500_1y_krw=-0.074739
207940.KS,kr_stock,KRW,downside_beta_sp500,S&P500 downside beta,negative,0.233229,low,-0.233229,downside_beta_sp500_1y_krw,미국 증시 하락일에 함께 하락,미국 증시 하락일에 반대로 움직임,,downside_beta_sp500_1y_krw=-0.233229
207940.KS,kr_stock,KRW,corr_sp500_60d,S&P500 60d correlation,negative,0.438906,medium,-0.438906,corr_sp500_60d_krw,SPY와 같은 방향,SPY와 반대 방향,,corr_sp500_60d_krw=-0.438906
207940.KS,kr_stock,KRW,corr_kospi200_60d,KOSPI200 60d correlation,positive,0.639677,high,0.639677,corr_kospi200_60d_krw,KOSPI200과 같은 방향,KOSPI200과 반대 방향,,corr_kospi200_60d_krw=0.639677
207940.KS,kr_stock,KRW,stress_response,Stress-period average return,negative,0.001544,medium,-0.001544,avg_stress_ret_krw,위기구간에서 플러스 성과,위기구간에서 마이너스 성과,,avg_stress_ret_krw=-0.001544
AAPL,us_stock,USD,market_beta_sp500,S&P500 beta,positive,1.20409,high,1.20409,beta_sp500_1y_krw,SPY와 같은 방향,SPY와 반대 방향,usd_exposure,beta_sp500_1y_krw=1.20409
AAPL,us_stock,USD,downside_beta_sp500,S&P500 downside beta,positive,1.252174,high,1.252174,downside_beta_sp500_1y_krw,미국 증시 하락일에 함께 하락,미국 증시 하락일에 반대로 움직임,usd_exposure,downside_beta_sp500_1y_krw=1.252174
AAPL,us_stock,USD,corr_sp500_60d,S&P500 60d correlation,positive,0.601582,high,0.601582,corr_sp500_60d_krw,SPY와 같은 방향,SPY와 반대 방향,usd_exposure,corr_sp500_60d_krw=0.601582
AAPL,us_stock,USD,corr_kospi200_60d,KOSPI200 60d correlation,negative,0.390533,medium,-0.390533,corr_kospi200_60d_krw,KOSPI200과 같은 방향,KOSPI200과 반대 방향,usd_exposure,corr_kospi200_60d_krw=-0.390533
AAPL,us_stock,USD,stress_response,Stress-period average return,neutral,0.000211,low,0.000211,avg_stress_ret_krw,위기구간에서 플러스 성과,위기구간에서 마이너스 성과,usd_exposure,avg_stress_ret_krw=0.000211
AMZN,us_stock,USD,market_beta_sp500,S&P500 beta,positive,1.40007,high,1.40007,beta_sp500_1y_krw,SPY와 같은 방향,SPY와 반대 방향,usd_exposure,beta_sp500_1y_krw=1.40007
AMZN,us_stock,USD,downside_beta_sp500,S&P500 downside beta,positive,1.554171,high,1.554171,downside_beta_sp500_1y_krw,미국 증시 하락일에 함께 하락,미국 증시 하락일에 반대로 움직임,usd_exposure,downside_beta_sp500_1y_krw=1.554171
AMZN,us_stock,USD,corr_sp500_60d,S&P500 60d correlation,positive,0.545025,medium,0.545025,corr_sp500_60d_krw,SPY와 같은 방향,SPY와 반대 방향,usd_exposure,corr_sp500_60d_krw=0.545025
AMZN,us_stock,USD,corr_kospi200_60d,KOSPI200 60d correlation,negative,0.267464,low,-0.267464,corr_kospi200_60d_krw,KOSPI200과 같은 방향,KOSPI200과 반대 방향,usd_exposure,corr_kospi200_60d_krw=-0.267464
AMZN,us_stock,USD,stress_response,Stress-period average return,positive,0.001419,low,0.001419,avg_stress_ret_krw,위기구간에서 플러스 성과,위기구간에서 마이너스 성과,usd_exposure,avg_stress_ret_krw=0.001419
AVGO,us_stock,USD,market_beta_sp500,S&P500 beta,positive,1.532589,high,1.532589,beta_sp500_1y_krw,SPY와 같은 방향,SPY와 반대 방향,usd_exposure,beta_sp500_1y_krw=1.532589
AVGO,us_stock,USD,downside_beta_sp500,S&P500 downside beta,positive,1.527886,high,1.527886,downside_beta_sp500_1y_krw,미국 증시 하락일에 함께 하락,미국 증시 하락일에 반대로 움직임,usd_exposure,downside_beta_sp500_1y_krw=1.527886
AVGO,us_stock,USD,corr_sp500_60d,S&P500 60d correlation,positive,0.570224,medium,0.570224,corr_sp500_60d_krw,SPY와 같은 방향,SPY와 반대 방향,usd_exposure,corr_sp500_60d_krw=0.570224
AVGO,us_stock,USD,corr_kospi200_60d,KOSPI200 60d correlation,negative,0.186229,low,-0.186229,corr_kospi200_60d_krw,KOSPI200과 같은 방향,KOSPI200과 반대 방향,usd_exposure,corr_kospi200_60d_krw=-0.186229
AVGO,us_stock,USD,stress_response,Stress-period average return,positive,0.001733,medium,0.001733,avg_stress_ret_krw,위기구간에서 플러스 성과,위기구간에서 마이너스 성과,usd_exposure,avg_stress_ret_krw=0.001733
BNB-USD,crypto,USD,market_beta_sp500,S&P500 beta,positive,1.048368,high,1.048368,beta_sp500_1y_krw,SPY와 같은 방향,SPY와 반대 방향,usd_exposure,beta_sp500_1y_krw=1.048368
BNB-USD,crypto,USD,downside_beta_sp500,S&P500 downside beta,positive,1.06175,high,1.06175,downside_beta_sp500_1y_krw,미국 증시 하락일에 함께 하락,미국 증시 하락일에 반대로 움직임,usd_exposure,downside_beta_sp500_1y_krw=1.06175
BNB-USD,crypto,USD,corr_sp500_60d,S&P500 60d correlation,positive,0.579869,medium,0.579869,corr_sp500_60d_krw,SPY와 같은 방향,SPY와 반대 방향,usd_exposure,corr_sp500_60d_krw=0.579869
BNB-USD,crypto,USD,corr_kospi200_60d,KOSPI200 60d correlation,negative,0.174954,low,-0.174954,corr_kospi200_60d_krw,KOSPI200과 같은 방향,KOSPI200과 반대 방향,usd_exposure,corr_kospi200_60d_krw=-0.174954
BNB-USD,crypto,USD,stress_response,Stress-period average return,positive,0.009049,high,0.009049,avg_stress_ret_krw,위기구간에서 플러스 성과,위기구간에서 마이너스 성과,usd_exposure,avg_stress_ret_krw=0.009049
BRK-B,us_stock,USD,market_beta_sp500,S&P500 beta,positive,0.725596,medium,0.725596,beta_sp500_1y_krw,SPY와 같은 방향,SPY와 반대 방향,usd_exposure,beta_sp500_1y_krw=0.725596
BRK-B,us_stock,USD,downside_beta_sp500,S&P500 downside beta,positive,0.749844,medium,0.749844,downside_beta_sp500_1y_krw,미국 증시 하락일에 함께 하락,미국 증시 하락일에 반대로 움직임,usd_exposure,downside_beta_sp500_1y_krw=0.749844
BRK-B,us_stock,USD,corr_sp500_60d,S&P500 60d correlation,positive,0.338233,medium,0.338233,corr_sp500_60d_krw,SPY와 같은 방향,SPY와 반대 방향,usd_exposure,corr_sp500_60d_krw=0.338233
BRK-B,us_stock,USD,corr_kospi200_60d,KOSPI200 60d correlation,negative,0.344637,medium,-0.344637,corr_kospi200_60d_krw,KOSPI200과 같은 방향,KOSPI200과 반대 방향,usd_exposure,corr_kospi200_60d_krw=-0.344637
BRK-B,us_stock,USD,stress_response,Stress-period average return,positive,0.001755,medium,0.001755,avg_stress_ret_krw,위기구간에서 플러스 성과,위기구간에서 마이너스 성과,usd_exposure,avg_stress_ret_krw=0.001755
BTC-USD,crypto,USD,market_beta_sp500,S&P500 beta,positive,1.097302,high,1.097302,beta_sp500_1y_krw,SPY와 같은 방향,SPY와 반대 방향,usd_exposure,beta_sp500_1y_krw=1.097302
BTC-USD,crypto,USD,downside_beta_sp500,S&P500 downside beta,positive,0.996664,medium,0.996664,downside_beta_sp500_1y_krw,미국 증시 하락일에 함께 하락,미국 증시 하락일에 반대로 움직임,usd_exposure,downside_beta_sp500_1y_krw=0.996664
BTC-USD,crypto,USD,corr_sp500_60d,S&P500 60d correlation,positive,0.642993,high,0.642993,corr_sp500_60d_krw,SPY와 같은 방향,SPY와 반대 방향,usd_exposure,corr_sp500_60d_krw=0.642993
BTC-USD,crypto,USD,corr_kospi200_60d,KOSPI200 60d correlation,negative,0.247765,low,-0.247765,corr_kospi200_60d_krw,KOSPI200과 같은 방향,KOSPI200과 반대 방향,usd_exposure,corr_kospi200_60d_krw=-0.247765
BTC-USD,crypto,USD,stress_response,Stress-period average return,positive,0.007618,high,0.007618,avg_stress_ret_krw,위기구간에서 플러스 성과,위기구간에서 마이너스 성과,usd_exposure,avg_stress_ret_krw=0.007618
COST,us_stock,USD,market_beta_sp500,S&P500 beta,positive,0.841169,medium,0.841169,beta_sp500_1y_krw,SPY와 같은 방향,SPY와 반대 방향,usd_exposure,beta_sp500_1y_krw=0.841169
COST,us_stock,USD,downside_beta_sp500,S&P500 downside beta,positive,0.901112,medium,0.901112,downside_beta_sp500_1y_krw,미국 증시 하락일에 함께 하락,미국 증시 하락일에 반대로 움직임,usd_exposure,downside_beta_sp500_1y_krw=0.901112
COST,us_stock,USD,corr_sp500_60d,S&P500 60d correlation,positive,0.501529,medium,0.501529,corr_sp500_60d_krw,SPY와 같은 방향,SPY와 반대 방향,usd_exposure,corr_sp500_60d_krw=0.501529
COST,us_stock,USD,corr_kospi200_60d,KOSPI200 60d correlation,negative,0.400483,medium,-0.400483,corr_kospi200_60d_krw,KOSPI200과 같은 방향,KOSPI200과 반대 방향,usd_exposure,corr_kospi200_60d_krw=-0.400483
COST,us_stock,USD,stress_response,Stress-period average return,neutral,0.000411,low,-0.000411,avg_stress_ret_krw,위기구간에서 플러스 성과,위기구간에서 마이너스 성과,usd_exposure,avg_stress_ret_krw=-0.000411
DBC,commodity_etf,USD,market_beta_sp500,S&P500 beta,positive,0.403289,medium,0.403289,beta_sp500_1y_krw,SPY와 같은 방향,SPY와 반대 방향,inflation_proxy|usd_exposure,beta_sp500_1y_krw=0.403289
DBC,commodity_etf,USD,downside_beta_sp500,S&P500 downside beta,positive,0.602515,medium,0.602515,downside_beta_sp500_1y_krw,미국 증시 하락일에 함께 하락,미국 증시 하락일에 반대로 움직임,inflation_proxy|usd_exposure,downside_beta_sp500_1y_krw=0.602515
DBC,commodity_etf,USD,corr_sp500_60d,S&P500 60d correlation,positive,0.337271,medium,0.337271,corr_sp500_60d_krw,SPY와 같은 방향,SPY와 반대 방향,inflation_proxy|usd_exposure,corr_sp500_60d_krw=0.337271
DBC,commodity_etf,USD,corr_kospi200_60d,KOSPI200 60d correlation,neutral,0.012516,low,-0.012516,corr_kospi200_60d_krw,KOSPI200과 같은 방향,KOSPI200과 반대 방향,inflation_proxy|usd_exposure,corr_kospi200_60d_krw=-0.012516
DBC,commodity_etf,USD,stress_response,Stress-period average return,negative,0.002503,medium,-0.002503,avg_stress_ret_krw,위기구간에서 플러스 성과,위기구간에서 마이너스 성과,inflation_proxy|usd_exposure,avg_stress_ret_krw=-0.002503
DIA,etf,USD,market_beta_sp500,S&P500 beta,positive,0.838967,medium,0.838967,beta_sp500_1y_krw,SPY와 같은 방향,SPY와 반대 방향,usd_exposure,beta_sp500_1y_krw=0.838967
DIA,etf,USD,downside_beta_sp500,S&P500 downside beta,positive,0.824424,medium,0.824424,downside_beta_sp500_1y_krw,미국 증시 하락일에 함께 하락,미국 증시 하락일에 반대로 움직임,usd_exposure,downside_beta_sp500_1y_krw=0.824424
DIA,etf,USD,corr_sp500_60d,S&P500 60d correlation,positive,0.912647,high,0.912647,corr_sp500_60d_krw,SPY와 같은 방향,SPY와 반대 방향,usd_exposure,corr_sp500_60d_krw=0.912647
DIA,etf,USD,corr_kospi200_60d,KOSPI200 60d correlation,negative,0.463046,medium,-0.463046,corr_kospi200_60d_krw,KOSPI200과 같은 방향,KOSPI200과 반대 방향,usd_exposure,corr_kospi200_60d_krw=-0.463046
DIA,etf,USD,stress_response,Stress-period average return,neutral,3.1e-05,low,-3.1e-05,avg_stress_ret_krw,위기구간에서 플러스 성과,위기구간에서 마이너스 성과,usd_exposure,avg_stress_ret_krw=-3.1e-05
EFA,etf,USD,market_beta_sp500,S&P500 beta,positive,0.764659,medium,0.764659,beta_sp500_1y_krw,SPY와 같은 방향,SPY와 반대 방향,usd_exposure,beta_sp500_1y_krw=0.764659
EFA,etf,USD,downside_beta_sp500,S&P500 downside beta,positive,0.737578,medium,0.737578,downside_beta_sp500_1y_krw,미국 증시 하락일에 함께 하락,미국 증시 하락일에 반대로 움직임,usd_exposure,downside_beta_sp500_1y_krw=0.737578
EFA,etf,USD,corr_sp500_60d,S&P500 60d correlation,positive,0.831765,high,0.831765,corr_sp500_60d_krw,SPY와 같은 방향,SPY와 반대 방향,usd_exposure,corr_sp500_60d_krw=0.831765
EFA,etf,USD,corr_kospi200_60d,KOSPI200 60d correlation,negative,0.357034,medium,-0.357034,corr_kospi200_60d_krw,KOSPI200과 같은 방향,KOSPI200과 반대 방향,usd_exposure,corr_kospi200_60d_krw=-0.357034
EFA,etf,USD,stress_response,Stress-period average return,positive,0.00087,low,0.00087,avg_stress_ret_krw,위기구간에서 플러스 성과,위기구간에서 마이너스 성과,usd_exposure,avg_stress_ret_krw=0.00087
ETH-USD,crypto,USD,market_beta_sp500,S&P500 beta,positive,1.441458,high,1.441458,beta_sp500_1y_krw,SPY와 같은 방향,SPY와 반대 방향,usd_exposure,beta_sp500_1y_krw=1.441458
ETH-USD,crypto,USD,downside_beta_sp500,S&P500 downside beta,positive,1.427841,high,1.427841,downside_beta_sp500_1y_krw,미국 증시 하락일에 함께 하락,미국 증시 하락일에 반대로 움직임,usd_exposure,downside_beta_sp500_1y_krw=1.427841
ETH-USD,crypto,USD,corr_sp500_60d,S&P500 60d correlation,positive,0.616198,high,0.616198,corr_sp500_60d_krw,SPY와 같은 방향,SPY와 반대 방향,usd_exposure,corr_sp500_60d_krw=0.616198
ETH-USD,crypto,USD,corr_kospi200_60d,KOSPI200 60d correlation,negative,0.159826,low,-0.159826,corr_kospi200_60d_krw,KOSPI200과 같은 방향,KOSPI200과 반대 방향,usd_exposure,corr_kospi200_60d_krw=-0.159826
ETH-USD,crypto,USD,stress_response,Stress-period average return,positive,0.006639,high,0.006639,avg_stress_ret_krw,위기구간에서 플러스 성과,위기구간에서 마이너스 성과,usd_exposure,avg_stress_ret_krw=0.006639
EWY,etf,USD,market_beta_sp500,S&P500 beta,positive,0.820198,medium,0.820198,beta_sp500_1y_krw,SPY와 같은 방향,SPY와 반대 방향,usd_exposure,beta_sp500_1y_krw=0.820198
EWY,etf,USD,downside_beta_sp500,S&P500 downside beta,positive,0.812764,medium,0.812764,downside_beta_sp500_1y_krw,미국 증시 하락일에 함께 하락,미국 증시 하락일에 반대로 움직임,usd_exposure,downside_beta_sp500_1y_krw=0.812764
EWY,etf,USD,corr_sp500_60d,S&P500 60d correlation,positive,0.553482,medium,0.553482,corr_sp500_60d_krw,SPY와 같은 방향,SPY와 반대 방향,usd_exposure,corr_sp500_60d_krw=0.553482
EWY,etf,USD,corr_kospi200_60d,KOSPI200 60d correlation,neutral,0.040387,low,-0.040387,corr_kospi200_60d_krw,KOSPI200과 같은 방향,KOSPI200과 반대 방향,usd_exposure,corr_kospi200_60d_krw=-0.040387
EWY,etf,USD,stress_response,Stress-period average return,negative,0.003603,high,-0.003603,avg_stress_ret_krw,위기구간에서 플러스 성과,위기구간에서 마이너스 성과,usd_exposure,avg_stress_ret_krw=-0.003603
GLD,gold_etf,USD,market_beta_sp500,S&P500 beta,positive,0.225365,low,0.225365,beta_sp500_1y_krw,SPY와 같은 방향,SPY와 반대 방향,defensive_proxy|inflation_proxy|usd_exposure,beta_sp500_1y_krw=0.225365
GLD,gold_etf,USD,downside_beta_sp500,S&P500 downside beta,positive,0.258398,low,0.258398,downside_beta_sp500_1y_krw,미국 증시 하락일에 함께 하락,미국 증시 하락일에 반대로 움직임,defensive_proxy|inflation_proxy|usd_exposure,downside_beta_sp500_1y_krw=0.258398
GLD,gold_etf,USD,corr_sp500_60d,S&P500 60d correlation,positive,0.246325,low,0.246325,corr_sp500_60d_krw,SPY와 같은 방향,SPY와 반대 방향,defensive_proxy|inflation_proxy|usd_exposure,corr_sp500_60d_krw=0.246325
GLD,gold_etf,USD,corr_kospi200_60d,KOSPI200 60d correlation,neutral,0.07153,low,0.07153,corr_kospi200_60d_krw,KOSPI200과 같은 방향,KOSPI200과 반대 방향,defensive_proxy|inflation_proxy|usd_exposure,corr_kospi200_60d_krw=0.07153
GLD,gold_etf,USD,stress_response,Stress-period average return,neutral,0.000407,low,-0.000407,avg_stress_ret_krw,위기구간에서 플러스 성과,위기구간에서 마이너스 성과,defensive_proxy|inflation_proxy|usd_exposure,avg_stress_ret_krw=-0.000407
GOOGL,us_stock,USD,market_beta_sp500,S&P500 beta,positive,1.174795,high,1.174795,beta_sp500_1y_krw,SPY와 같은 방향,SPY와 반대 방향,usd_exposure,beta_sp500_1y_krw=1.174795
GOOGL,us_stock,USD,downside_beta_sp500,S&P500 downside beta,positive,1.11653,high,1.11653,downside_beta_sp500_1y_krw,미국 증시 하락일에 함께 하락,미국 증시 하락일에 반대로 움직임,usd_exposure,downside_beta_sp500_1y_krw=1.11653
GOOGL,us_stock,USD,corr_sp500_60d,S&P500 60d correlation,positive,0.612115,high,0.612115,corr_sp500_60d_krw,SPY와 같은 방향,SPY와 반대 방향,usd_exposure,corr_sp500_60d_krw=0.612115
GOOGL,us_stock,USD,corr_kospi200_60d,KOSPI200 60d correlation,negative,0.333312,medium,-0.333312,corr_kospi200_60d_krw,KOSPI200과 같은 방향,KOSPI200과 반대 방향,usd_exposure,corr_kospi200_60d_krw=-0.333312
GOOGL,us_stock,USD,stress_response,Stress-period average return,neutral,0.000463,low,0.000463,avg_stress_ret_krw,위기구간에서 플러스 성과,위기구간에서 마이너스 성과,usd_exposure,avg_stress_ret_krw=0.000463
HD,us_stock,USD,market_beta_sp500,S&P500 beta,positive,0.848152,medium,0.848152,beta_sp500_1y_krw,SPY와 같은 방향,SPY와 반대 방향,usd_exposure,beta_sp500_1y_krw=0.848152
HD,us_stock,USD,downside_beta_sp500,S&P500 downside beta,positive,0.738921,medium,0.738921,downside_beta_sp500_1y_krw,미국 증시 하락일에 함께 하락,미국 증시 하락일에 반대로 움직임,usd_exposure,downside_beta_sp500_1y_krw=0.738921
HD,us_stock,USD,corr_sp500_60d,S&P500 60d correlation,positive,0.462812,medium,0.462812,corr_sp500_60d_krw,SPY와 같은 방향,SPY와 반대 방향,usd_exposure,corr_sp500_60d_krw=0.462812
HD,us_stock,USD,corr_kospi200_60d,KOSPI200 60d correlation,negative,0.270866,low,-0.270866,corr_kospi200_60d_krw,KOSPI200과 같은 방향,KOSPI200과 반대 방향,usd_exposure,corr_kospi200_60d_krw=-0.270866
HD,us_stock,USD,stress_response,Stress-period average return,neutral,0.000149,low,-0.000149,avg_stress_ret_krw,위기구간에서 플러스 성과,위기구간에서 마이너스 성과,usd_exposure,avg_stress_ret_krw=-0.000149
HYG,bond_etf,USD,market_beta_sp500,S&P500 beta,positive,0.446983,medium,0.446983,beta_sp500_1y_krw,SPY와 같은 방향,SPY와 반대 방향,defensive_proxy|rate_proxy|usd_exposure,beta_sp500_1y_krw=0.446983
HYG,bond_etf,USD,downside_beta_sp500,S&P500 downside beta,positive,0.431126,medium,0.431126,downside_beta_sp500_1y_krw,미국 증시 하락일에 함께 하락,미국 증시 하락일에 반대로 움직임,defensive_proxy|rate_proxy|usd_exposure,downside_beta_sp500_1y_krw=0.431126
HYG,bond_etf,USD,corr_sp500_60d,S&P500 60d correlation,positive,0.803406,high,0.803406,corr_sp500_60d_krw,SPY와 같은 방향,SPY와 반대 방향,defensive_proxy|rate_proxy|usd_exposure,corr_sp500_60d_krw=0.803406
HYG,bond_etf,USD,corr_kospi200_60d,KOSPI200 60d correlation,negative,0.620979,high,-0.620979,corr_kospi200_60d_krw,KOSPI200과 같은 방향,KOSPI200과 반대 방향,defensive_proxy|rate_proxy|usd_exposure,corr_kospi200_60d_krw=-0.620979
HYG,bond_etf,USD,stress_response,Stress-period average return,neutral,0.000296,low,0.000296,avg_stress_ret_krw,위기구간에서 플러스 성과,위기구간에서 마이너스 성과,defensive_proxy|rate_proxy|usd_exposure,avg_stress_ret_krw=0.000296
IAU,gold_etf,USD,market_beta_sp500,S&P500 beta,positive,0.224879,low,0.224879,beta_sp500_1y_krw,SPY와 같은 방향,SPY와 반대 방향,defensive_proxy|inflation_proxy|usd_exposure,beta_sp500_1y_krw=0.224879
IAU,gold_etf,USD,downside_beta_sp500,S&P500 downside beta,positive,0.259402,low,0.259402,downside_beta_sp500_1y_krw,미국 증시 하락일에 함께 하락,미국 증시 하락일에 반대로 움직임,defensive_proxy|inflation_proxy|usd_exposure,downside_beta_sp500_1y_krw=0.259402
IAU,gold_etf,USD,corr_sp500_60d,S&P500 60d correlation,positive,0.245317,low,0.245317,corr_sp500_60d_krw,SPY와 같은 방향,SPY와 반대 방향,defensive_proxy|inflation_proxy|usd_exposure,corr_sp500_60d_krw=0.245317
IAU,gold_etf,USD,corr_kospi200_60d,KOSPI200 60d correlation,neutral,0.069636,low,0.069636,corr_kospi200_60d_krw,KOSPI200과 같은 방향,KOSPI200과 반대 방향,defensive_proxy|inflation_proxy|usd_exposure,corr_kospi200_60d_krw=0.069636
IAU,gold_etf,USD,stress_response,Stress-period average return,neutral,0.000411,low,-0.000411,avg_stress_ret_krw,위기구간에서 플러스 성과,위기구간에서 마이너스 성과,defensive_proxy|inflation_proxy|usd_exposure,avg_stress_ret_krw=-0.000411
IEF,bond_etf,USD,market_beta_sp500,S&P500 beta,positive,0.194679,low,0.194679,beta_sp500_1y_krw,SPY와 같은 방향,SPY와 반대 방향,defensive_proxy|rate_proxy|usd_exposure,beta_sp500_1y_krw=0.194679
IEF,bond_etf,USD,downside_beta_sp500,S&P500 downside beta,positive,0.14356,low,0.14356,downside_beta_sp500_1y_krw,미국 증시 하락일에 함께 하락,미국 증시 하락일에 반대로 움직임,defensive_proxy|rate_proxy|usd_exposure,downside_beta_sp500_1y_krw=0.14356
IEF,bond_etf,USD,corr_sp500_60d,S&P500 60d correlation,positive,0.642839,high,0.642839,corr_sp500_60d_krw,SPY와 같은 방향,SPY와 반대 방향,defensive_proxy|rate_proxy|usd_exposure,corr_sp500_60d_krw=0.642839
IEF,bond_etf,USD,corr_kospi200_60d,KOSPI200 60d correlation,negative,0.594506,medium,-0.594506,corr_kospi200_60d_krw,KOSPI200과 같은 방향,KOSPI200과 반대 방향,defensive_proxy|rate_proxy|usd_exposure,corr_kospi200_60d_krw=-0.594506
IEF,bond_etf,USD,stress_response,Stress-period average return,neutral,4.2e-05,low,4.2e-05,avg_stress_ret_krw,위기구간에서 플러스 성과,위기구간에서 마이너스 성과,defensive_proxy|rate_proxy|usd_exposure,avg_stress_ret_krw=4.2e-05
ITA,etf,USD,market_beta_sp500,S&P500 beta,positive,0.856042,medium,0.856042,beta_sp500_1y_krw,SPY와 같은 방향,SPY와 반대 방향,geopolitical_proxy|usd_exposure,beta_sp500_1y_krw=0.856042
ITA,etf,USD,downside_beta_sp500,S&P500 downside beta,positive,0.857519,medium,0.857519,downside_beta_sp500_1y_krw,미국 증시 하락일에 함께 하락,미국 증시 하락일에 반대로 움직임,geopolitical_proxy|usd_exposure,downside_beta_sp500_1y_krw=0.857519
ITA,etf,USD,corr_sp500_60d,S&P500 60d correlation,positive,0.717407,high,0.717407,corr_sp500_60d_krw,SPY와 같은 방향,SPY와 반대 방향,geopolitical_proxy|usd_exposure,corr_sp500_60d_krw=0.717407
ITA,etf,USD,corr_kospi200_60d,KOSPI200 60d correlation,negative,0.184991,low,-0.184991,corr_kospi200_60d_krw,KOSPI200과 같은 방향,KOSPI200과 반대 방향,geopolitical_proxy|usd_exposure,corr_kospi200_60d_krw=-0.184991
ITA,etf,USD,stress_response,Stress-period average return,positive,0.000838,low,0.000838,avg_stress_ret_krw,위기구간에서 플러스 성과,위기구간에서 마이너스 성과,geopolitical_proxy|usd_exposure,avg_stress_ret_krw=0.000838
IWM,etf,USD,market_beta_sp500,S&P500 beta,positive,1.094901,high,1.094901,beta_sp500_1y_krw,SPY와 같은 방향,SPY와 반대 방향,usd_exposure,beta_sp500_1y_krw=1.094901
IWM,etf,USD,downside_beta_sp500,S&P500 downside beta,positive,1.022734,high,1.022734,downside_beta_sp500_1y_krw,미국 증시 하락일에 함께 하락,미국 증시 하락일에 반대로 움직임,usd_exposure,downside_beta_sp500_1y_krw=1.022734
IWM,etf,USD,corr_sp500_60d,S&P500 60d correlation,positive,0.872419,high,0.872419,corr_sp500_60d_krw,SPY와 같은 방향,SPY와 반대 방향,usd_exposure,corr_sp500_60d_krw=0.872419
IWM,etf,USD,corr_kospi200_60d,KOSPI200 60d correlation,negative,0.32347,medium,-0.32347,corr_kospi200_60d_krw,KOSPI200과 같은 방향,KOSPI200과 반대 방향,usd_exposure,corr_kospi200_60d_krw=-0.32347
IWM,etf,USD,stress_response,Stress-period average return,neutral,0.000445,low,0.000445,avg_stress_ret_krw,위기구간에서 플러스 성과,위기구간에서 마이너스 성과,usd_exposure,avg_stress_ret_krw=0.000445
JNJ,us_stock,USD,market_beta_sp500,S&P500 beta,positive,0.369782,low,0.369782,beta_sp500_1y_krw,SPY와 같은 방향,SPY와 반대 방향,defensive_proxy|usd_exposure,beta_sp500_1y_krw=0.369782
JNJ,us_stock,USD,downside_beta_sp500,S&P500 downside beta,positive,0.335896,low,0.335896,downside_beta_sp500_1y_krw,미국 증시 하락일에 함께 하락,미국 증시 하락일에 반대로 움직임,defensive_proxy|usd_exposure,downside_beta_sp500_1y_krw=0.335896
JNJ,us_stock,USD,corr_sp500_60d,S&P500 60d correlation,positive,0.365938,medium,0.365938,corr_sp500_60d_krw,SPY와 같은 방향,SPY와 반대 방향,defensive_proxy|usd_exposure,corr_sp500_60d_krw=0.365938
JNJ,us_stock,USD,corr_kospi200_60d,KOSPI200 60d correlation,negative,0.364794,medium,-0.364794,corr_kospi200_60d_krw,KOSPI200과 같은 방향,KOSPI200과 반대 방향,defensive_proxy|usd_exposure,corr_kospi200_60d_krw=-0.364794
JNJ,us_stock,USD,stress_response,Stress-period average return,neutral,0.000279,low,0.000279,avg_stress_ret_krw,위기구간에서 플러스 성과,위기구간에서 마이너스 성과,defensive_proxy|usd_exposure,avg_stress_ret_krw=0.000279
JPM,us_stock,USD,market_beta_sp500,S&P500 beta,positive,0.932575,medium,0.932575,beta_sp500_1y_krw,SPY와 같은 방향,SPY와 반대 방향,usd_exposure,beta_sp500_1y_krw=0.932575
JPM,us_stock,USD,downside_beta_sp500,S&P500 downside beta,positive,0.955281,medium,0.955281,downside_beta_sp500_1y_krw,미국 증시 하락일에 함께 하락,미국 증시 하락일에 반대로 움직임,usd_exposure,downside_beta_sp500_1y_krw=0.955281
JPM,us_stock,USD,corr_sp500_60d,S&P500 60d correlation,positive,0.648674,high,0.648674,corr_sp500_60d_krw,SPY와 같은 방향,SPY와 반대 방향,usd_exposure,corr_sp500_60d_krw=0.648674
JPM,us_stock,USD,corr_kospi200_60d,KOSPI200 60d correlation,negative,0.193683,low,-0.193683,corr_kospi200_60d_krw,KOSPI200과 같은 방향,KOSPI200과 반대 방향,usd_exposure,corr_kospi200_60d_krw=-0.193683
JPM,us_stock,USD,stress_response,Stress-period average return,positive,0.002874,medium,0.002874,avg_stress_ret_krw,위기구간에서 플러스 성과,위기구간에서 마이너스 성과,usd_exposure,avg_stress_ret_krw=0.002874
KO,us_stock,USD,market_beta_sp500,S&P500 beta,positive,0.439144,medium,0.439144,beta_sp500_1y_krw,SPY와 같은 방향,SPY와 반대 방향,defensive_proxy|usd_exposure,beta_sp500_1y_krw=0.439144
KO,us_stock,USD,downside_beta_sp500,S&P500 downside beta,positive,0.449076,medium,0.449076,downside_beta_sp500_1y_krw,미국 증시 하락일에 함께 하락,미국 증시 하락일에 반대로 움직임,defensive_proxy|usd_exposure,downside_beta_sp500_1y_krw=0.449076
KO,us_stock,USD,corr_sp500_60d,S&P500 60d correlation,positive,0.299324,low,0.299324,corr_sp500_60d_krw,SPY와 같은 방향,SPY와 반대 방향,defensive_proxy|usd_exposure,corr_sp500_60d_krw=0.299324
KO,us_stock,USD,corr_kospi200_60d,KOSPI200 60d correlation,negative,0.284008,low,-0.284008,corr_kospi200_60d_krw,KOSPI200과 같은 방향,KOSPI200과 반대 방향,defensive_proxy|usd_exposure,corr_kospi200_60d_krw=-0.284008
KO,us_stock,USD,stress_response,Stress-period average return,negative,0.001187,low,-0.001187,avg_stress_ret_krw,위기구간에서 플러스 성과,위기구간에서 마이너스 성과,defensive_proxy|usd_exposure,avg_stress_ret_krw=-0.001187
LQD,bond_etf,USD,market_beta_sp500,S&P500 beta,positive,0.314211,low,0.314211,beta_sp500_1y_krw,SPY와 같은 방향,SPY와 반대 방향,defensive_proxy|rate_proxy|usd_exposure,beta_sp500_1y_krw=0.314211
LQD,bond_etf,USD,downside_beta_sp500,S&P500 downside beta,positive,0.259538,low,0.259538,downside_beta_sp500_1y_krw,미국 증시 하락일에 함께 하락,미국 증시 하락일에 반대로 움직임,defensive_proxy|rate_proxy|usd_exposure,downside_beta_sp500_1y_krw=0.259538
LQD,bond_etf,USD,corr_sp500_60d,S&P500 60d correlation,positive,0.728772,high,0.728772,corr_sp500_60d_krw,SPY와 같은 방향,SPY와 반대 방향,defensive_proxy|rate_proxy|usd_exposure,corr_sp500_60d_krw=0.728772
LQD,bond_etf,USD,corr_kospi200_60d,KOSPI200 60d correlation,negative,0.61499,high,-0.61499,corr_kospi200_60d_krw,KOSPI200과 같은 방향,KOSPI200과 반대 방향,defensive_proxy|rate_proxy|usd_exposure,corr_kospi200_60d_krw=-0.61499
LQD,bond_etf,USD,stress_response,Stress-period average return,neutral,0.000323,low,-0.000323,avg_stress_ret_krw,위기구간에서 플러스 성과,위기구간에서 마이너스 성과,defensive_proxy|rate_proxy|usd_exposure,avg_stress_ret_krw=-0.000323
MA,us_stock,USD,market_beta_sp500,S&P500 beta,positive,0.943194,medium,0.943194,beta_sp500_1y_krw,SPY와 같은 방향,SPY와 반대 방향,usd_exposure,beta_sp500_1y_krw=0.943194
MA,us_stock,USD,downside_beta_sp500,S&P500 downside beta,positive,0.8635,medium,0.8635,downside_beta_sp500_1y_krw,미국 증시 하락일에 함께 하락,미국 증시 하락일에 반대로 움직임,usd_exposure,downside_beta_sp500_1y_krw=0.8635
MA,us_stock,USD,corr_sp500_60d,S&P500 60d correlation,positive,0.450926,medium,0.450926,corr_sp500_60d_krw,SPY와 같은 방향,SPY와 반대 방향,usd_exposure,corr_sp500_60d_krw=0.450926
MA,us_stock,USD,corr_kospi200_60d,KOSPI200 60d correlation,negative,0.324144,medium,-0.324144,corr_kospi200_60d_krw,KOSPI200과 같은 방향,KOSPI200과 반대 방향,usd_exposure,corr_kospi200_60d_krw=-0.324144
MA,us_stock,USD,stress_response,Stress-period average return,positive,0.00256,medium,0.00256,avg_stress_ret_krw,위기구간에서 플러스 성과,위기구간에서 마이너스 성과,usd_exposure,avg_stress_ret_krw=0.00256
META,us_stock,USD,market_beta_sp500,S&P500 beta,positive,1.462456,high,1.462456,beta_sp500_1y_krw,SPY와 같은 방향,SPY와 반대 방향,usd_exposure,beta_sp500_1y_krw=1.462456
META,us_stock,USD,downside_beta_sp500,S&P500 downside beta,positive,1.463222,high,1.463222,downside_beta_sp500_1y_krw,미국 증시 하락일에 함께 하락,미국 증시 하락일에 반대로 움직임,usd_exposure,downside_beta_sp500_1y_krw=1.463222
META,us_stock,USD,corr_sp500_60d,S&P500 60d correlation,positive,0.415511,medium,0.415511,corr_sp500_60d_krw,SPY와 같은 방향,SPY와 반대 방향,usd_exposure,corr_sp500_60d_krw=0.415511
META,us_stock,USD,corr_kospi200_60d,KOSPI200 60d correlation,negative,0.254288,low,-0.254288,corr_kospi200_60d_krw,KOSPI200과 같은 방향,KOSPI200과 반대 방향,usd_exposure,corr_kospi200_60d_krw=-0.254288
META,us_stock,USD,stress_response,Stress-period average return,negative,0.002264,medium,-0.002264,avg_stress_ret_krw,위기구간에서 플러스 성과,위기구간에서 마이너스 성과,usd_exposure,avg_stress_ret_krw=-0.002264
MSFT,us_stock,USD,market_beta_sp500,S&P500 beta,positive,1.100525,high,1.100525,beta_sp500_1y_krw,SPY와 같은 방향,SPY와 반대 방향,usd_exposure,beta_sp500_1y_krw=1.100525
MSFT,us_stock,USD,downside_beta_sp500,S&P500 downside beta,positive,1.096526,high,1.096526,downside_beta_sp500_1y_krw,미국 증시 하락일에 함께 하락,미국 증시 하락일에 반대로 움직임,usd_exposure,downside_beta_sp500_1y_krw=1.096526
MSFT,us_stock,USD,corr_sp500_60d,S&P500 60d correlation,positive,0.389777,medium,0.389777,corr_sp500_60d_krw,SPY와 같은 방향,SPY와 반대 방향,usd_exposure,corr_sp500_60d_krw=0.389777
MSFT,us_stock,USD,corr_kospi200_60d,KOSPI200 60d correlation,negative,0.147359,low,-0.147359,corr_kospi200_60d_krw,KOSPI200과 같은 방향,KOSPI200과 반대 방향,usd_exposure,corr_kospi200_60d_krw=-0.147359
MSFT,us_stock,USD,stress_response,Stress-period average return,positive,0.001466,low,0.001466,avg_stress_ret_krw,위기구간에서 플러스 성과,위기구간에서 마이너스 성과,usd_exposure,avg_stress_ret_krw=0.001466
NVDA,us_stock,USD,market_beta_sp500,S&P500 beta,positive,1.919334,high,1.919334,beta_sp500_1y_krw,SPY와 같은 방향,SPY와 반대 방향,usd_exposure,beta_sp500_1y_krw=1.919334
NVDA,us_stock,USD,downside_beta_sp500,S&P500 downside beta,positive,1.809297,high,1.809297,downside_beta_sp500_1y_krw,미국 증시 하락일에 함께 하락,미국 증시 하락일에 반대로 움직임,usd_exposure,downside_beta_sp500_1y_krw=1.809297
NVDA,us_stock,USD,corr_sp500_60d,S&P500 60d correlation,positive,0.670944,high,0.670944,corr_sp500_60d_krw,SPY와 같은 방향,SPY와 반대 방향,usd_exposure,corr_sp500_60d_krw=0.670944
NVDA,us_stock,USD,corr_kospi200_60d,KOSPI200 60d correlation,negative,0.230142,low,-0.230142,corr_kospi200_60d_krw,KOSPI200과 같은 방향,KOSPI200과 반대 방향,usd_exposure,corr_kospi200_60d_krw=-0.230142
NVDA,us_stock,USD,stress_response,Stress-period average return,positive,0.000537,low,0.000537,avg_stress_ret_krw,위기구간에서 플러스 성과,위기구간에서 마이너스 성과,usd_exposure,avg_stress_ret_krw=0.000537
PFE,us_stock,USD,market_beta_sp500,S&P500 beta,positive,0.498063,medium,0.498063,beta_sp500_1y_krw,SPY와 같은 방향,SPY와 반대 방향,defensive_proxy|usd_exposure,beta_sp500_1y_krw=0.498063
PFE,us_stock,USD,downside_beta_sp500,S&P500 downside beta,positive,0.518839,medium,0.518839,downside_beta_sp500_1y_krw,미국 증시 하락일에 함께 하락,미국 증시 하락일에 반대로 움직임,defensive_proxy|usd_exposure,downside_beta_sp500_1y_krw=0.518839
PFE,us_stock,USD,corr_sp500_60d,S&P500 60d correlation,positive,0.434155,medium,0.434155,corr_sp500_60d_krw,SPY와 같은 방향,SPY와 반대 방향,defensive_proxy|usd_exposure,corr_sp500_60d_krw=0.434155
PFE,us_stock,USD,corr_kospi200_60d,KOSPI200 60d correlation,negative,0.257227,low,-0.257227,corr_kospi200_60d_krw,KOSPI200과 같은 방향,KOSPI200과 반대 방향,defensive_proxy|usd_exposure,corr_kospi200_60d_krw=-0.257227
PFE,us_stock,USD,stress_response,Stress-period average return,neutral,0.000174,low,0.000174,avg_stress_ret_krw,위기구간에서 플러스 성과,위기구간에서 마이너스 성과,defensive_proxy|usd_exposure,avg_stress_ret_krw=0.000174
PG,us_stock,USD,market_beta_sp500,S&P500 beta,positive,0.436426,medium,0.436426,beta_sp500_1y_krw,SPY와 같은 방향,SPY와 반대 방향,defensive_proxy|usd_exposure,beta_sp500_1y_krw=0.436426
PG,us_stock,USD,downside_beta_sp500,S&P500 downside beta,positive,0.467441,medium,0.467441,downside_beta_sp500_1y_krw,미국 증시 하락일에 함께 하락,미국 증시 하락일에 반대로 움직임,defensive_proxy|usd_exposure,downside_beta_sp500_1y_krw=0.467441
PG,us_stock,USD,corr_sp500_60d,S&P500 60d correlation,positive,0.188112,low,0.188112,corr_sp500_60d_krw,SPY와 같은 방향,SPY와 반대 방향,defensive_proxy|usd_exposure,corr_sp500_60d_krw=0.188112
PG,us_stock,USD,corr_kospi200_60d,KOSPI200 60d correlation,negative,0.343908,medium,-0.343908,corr_kospi200_60d_krw,KOSPI200과 같은 방향,KOSPI200과 반대 방향,defensive_proxy|usd_exposure,corr_kospi200_60d_krw=-0.343908
PG,us_stock,USD,stress_response,Stress-period average return,negative,0.001922,medium,-0.001922,avg_stress_ret_krw,위기구간에서 플러스 성과,위기구간에서 마이너스 성과,defensive_proxy|usd_exposure,avg_stress_ret_krw=-0.001922
PPA,etf,USD,market_beta_sp500,S&P500 beta,positive,0.84401,medium,0.84401,beta_sp500_1y_krw,SPY와 같은 방향,SPY와 반대 방향,geopolitical_proxy|usd_exposure,beta_sp500_1y_krw=0.84401
PPA,etf,USD,downside_beta_sp500,S&P500 downside beta,positive,0.830992,medium,0.830992,downside_beta_sp500_1y_krw,미국 증시 하락일에 함께 하락,미국 증시 하락일에 반대로 움직임,geopolitical_proxy|usd_exposure,downside_beta_sp500_1y_krw=0.830992
PPA,etf,USD,corr_sp500_60d,S&P500 60d correlation,positive,0.726118,high,0.726118,corr_sp500_60d_krw,SPY와 같은 방향,SPY와 반대 방향,geopolitical_proxy|usd_exposure,corr_sp500_60d_krw=0.726118
PPA,etf,USD,corr_kospi200_60d,KOSPI200 60d correlation,negative,0.184201,low,-0.184201,corr_kospi200_60d_krw,KOSPI200과 같은 방향,KOSPI200과 반대 방향,geopolitical_proxy|usd_exposure,corr_kospi200_60d_krw=-0.184201
PPA,etf,USD,stress_response,Stress-period average return,positive,0.000589,low,0.000589,avg_stress_ret_krw,위기구간에서 플러스 성과,위기구간에서 마이너스 성과,geopolitical_proxy|usd_exposure,avg_stress_ret_krw=0.000589
QQQ,etf,USD,market_beta_sp500,S&P500 beta,positive,1.203958,high,1.203958,beta_sp500_1y_krw,SPY와 같은 방향,SPY와 반대 방향,usd_exposure,beta_sp500_1y_krw=1.203958
QQQ,etf,USD,downside_beta_sp500,S&P500 downside beta,positive,1.191276,high,1.191276,downside_beta_sp500_1y_krw,미국 증시 하락일에 함께 하락,미국 증시 하락일에 반대로 움직임,usd_exposure,downside_beta_sp500_1y_krw=1.191276
QQQ,etf,USD,corr_sp500_60d,S&P500 60d correlation,positive,0.954873,high,0.954873,corr_sp500_60d_krw,SPY와 같은 방향,SPY와 반대 방향,usd_exposure,corr_sp500_60d_krw=0.954873
QQQ,etf,USD,corr_kospi200_60d,KOSPI200 60d correlation,negative,0.458101,medium,-0.458101,corr_kospi200_60d_krw,KOSPI200과 같은 방향,KOSPI200과 반대 방향,usd_exposure,corr_kospi200_60d_krw=-0.458101
QQQ,etf,USD,stress_response,Stress-period average return,neutral,0.000471,low,0.000471,avg_stress_ret_krw,위기구간에서 플러스 성과,위기구간에서 마이너스 성과,usd_exposure,avg_stress_ret_krw=0.000471
SHY,bond_etf,USD,market_beta_sp500,S&P500 beta,positive,0.202908,low,0.202908,beta_sp500_1y_krw,SPY와 같은 방향,SPY와 반대 방향,defensive_proxy|rate_proxy|usd_exposure,beta_sp500_1y_krw=0.202908
SHY,bond_etf,USD,downside_beta_sp500,S&P500 downside beta,positive,0.191819,low,0.191819,downside_beta_sp500_1y_krw,미국 증시 하락일에 함께 하락,미국 증시 하락일에 반대로 움직임,defensive_proxy|rate_proxy|usd_exposure,downside_beta_sp500_1y_krw=0.191819
SHY,bond_etf,USD,corr_sp500_60d,S&P500 60d correlation,positive,0.688757,high,0.688757,corr_sp500_60d_krw,SPY와 같은 방향,SPY와 반대 방향,defensive_proxy|rate_proxy|usd_exposure,corr_sp500_60d_krw=0.688757
SHY,bond_etf,USD,corr_kospi200_60d,KOSPI200 60d correlation,negative,0.59696,medium,-0.59696,corr_kospi200_60d_krw,KOSPI200과 같은 방향,KOSPI200과 반대 방향,defensive_proxy|rate_proxy|usd_exposure,corr_kospi200_60d_krw=-0.59696
SHY,bond_etf,USD,stress_response,Stress-period average return,neutral,0.000232,low,0.000232,avg_stress_ret_krw,위기구간에서 플러스 성과,위기구간에서 마이너스 성과,defensive_proxy|rate_proxy|usd_exposure,avg_stress_ret_krw=0.000232
SOL-USD,crypto,USD,market_beta_sp500,S&P500 beta,positive,1.632155,high,1.632155,beta_sp500_1y_krw,SPY와 같은 방향,SPY와 반대 방향,usd_exposure,beta_sp500_1y_krw=1.632155
SOL-USD,crypto,USD,downside_beta_sp500,S&P500 downside beta,positive,1.351387,high,1.351387,downside_beta_sp500_1y_krw,미국 증시 하락일에 함께 하락,미국 증시 하락일에 반대로 움직임,usd_exposure,downside_beta_sp500_1y_krw=1.351387
SOL-USD,crypto,USD,corr_sp500_60d,S&P500 60d correlation,positive,0.594147,medium,0.594147,corr_sp500_60d_krw,SPY와 같은 방향,SPY와 반대 방향,usd_exposure,corr_sp500_60d_krw=0.594147
SOL-USD,crypto,USD,corr_kospi200_60d,KOSPI200 60d correlation,negative,0.199078,low,-0.199078,corr_kospi200_60d_krw,KOSPI200과 같은 방향,KOSPI200과 반대 방향,usd_exposure,corr_kospi200_60d_krw=-0.199078
SOL-USD,crypto,USD,stress_response,Stress-period average return,positive,0.013669,high,0.013669,avg_stress_ret_krw,위기구간에서 플러스 성과,위기구간에서 마이너스 성과,usd_exposure,avg_stress_ret_krw=0.013669
SPY,etf,USD,market_beta_sp500,S&P500 beta,positive,1.0,high,1.0,beta_sp500_1y_krw,SPY와 같은 방향,SPY와 반대 방향,usd_exposure,beta_sp500_1y_krw=1.0
SPY,etf,USD,downside_beta_sp500,S&P500 downside beta,positive,1.0,high,1.0,downside_beta_sp500_1y_krw,미국 증시 하락일에 함께 하락,미국 증시 하락일에 반대로 움직임,usd_exposure,downside_beta_sp500_1y_krw=1.0
SPY,etf,USD,corr_sp500_60d,S&P500 60d correlation,positive,1.0,high,1.0,corr_sp500_60d_krw,SPY와 같은 방향,SPY와 반대 방향,usd_exposure,corr_sp500_60d_krw=1.0
SPY,etf,USD,corr_kospi200_60d,KOSPI200 60d correlation,negative,0.479111,medium,-0.479111,corr_kospi200_60d_krw,KOSPI200과 같은 방향,KOSPI200과 반대 방향,usd_exposure,corr_kospi200_60d_krw=-0.479111
SPY,etf,USD,stress_response,Stress-period average return,positive,0.00059,low,0.00059,avg_stress_ret_krw,위기구간에서 플러스 성과,위기구간에서 마이너스 성과,usd_exposure,avg_stress_ret_krw=0.00059
TIP,bond_etf,USD,market_beta_sp500,S&P500 beta,positive,0.238353,low,0.238353,beta_sp500_1y_krw,SPY와 같은 방향,SPY와 반대 방향,defensive_proxy|inflation_proxy|rate_proxy|usd_exposure,beta_sp500_1y_krw=0.238353
TIP,bond_etf,USD,downside_beta_sp500,S&P500 downside beta,positive,0.21661,low,0.21661,downside_beta_sp500_1y_krw,미국 증시 하락일에 함께 하락,미국 증시 하락일에 반대로 움직임,defensive_proxy|inflation_proxy|rate_proxy|usd_exposure,downside_beta_sp500_1y_krw=0.21661
TIP,bond_etf,USD,corr_sp500_60d,S&P500 60d correlation,positive,0.686735,high,0.686735,corr_sp500_60d_krw,SPY와 같은 방향,SPY와 반대 방향,defensive_proxy|inflation_proxy|rate_proxy|usd_exposure,corr_sp500_60d_krw=0.686735
TIP,bond_etf,USD,corr_kospi200_60d,KOSPI200 60d correlation,negative,0.556895,medium,-0.556895,corr_kospi200_60d_krw,KOSPI200과 같은 방향,KOSPI200과 반대 방향,defensive_proxy|inflation_proxy|rate_proxy|usd_exposure,corr_kospi200_60d_krw=-0.556895
TIP,bond_etf,USD,stress_response,Stress-period average return,neutral,0.000452,low,-0.000452,avg_stress_ret_krw,위기구간에서 플러스 성과,위기구간에서 마이너스 성과,defensive_proxy|inflation_proxy|rate_proxy|usd_exposure,avg_stress_ret_krw=-0.000452
TLT,bond_etf,USD,market_beta_sp500,S&P500 beta,positive,0.200415,low,0.200415,beta_sp500_1y_krw,SPY와 같은 방향,SPY와 반대 방향,defensive_proxy|rate_proxy|usd_exposure,beta_sp500_1y_krw=0.200415
TLT,bond_etf,USD,downside_beta_sp500,S&P500 downside beta,positive,0.115228,low,0.115228,downside_beta_sp500_1y_krw,미국 증시 하락일에 함께 하락,미국 증시 하락일에 반대로 움직임,defensive_proxy|rate_proxy|usd_exposure,downside_beta_sp500_1y_krw=0.115228
TLT,bond_etf,USD,corr_sp500_60d,S&P500 60d correlation,positive,0.585448,medium,0.585448,corr_sp500_60d_krw,SPY와 같은 방향,SPY와 반대 방향,defensive_proxy|rate_proxy|usd_exposure,corr_sp500_60d_krw=0.585448
TLT,bond_etf,USD,corr_kospi200_60d,KOSPI200 60d correlation,negative,0.539254,medium,-0.539254,corr_kospi200_60d_krw,KOSPI200과 같은 방향,KOSPI200과 반대 방향,defensive_proxy|rate_proxy|usd_exposure,corr_kospi200_60d_krw=-0.539254
TLT,bond_etf,USD,stress_response,Stress-period average return,negative,0.000621,low,-0.000621,avg_stress_ret_krw,위기구간에서 플러스 성과,위기구간에서 마이너스 성과,defensive_proxy|rate_proxy|usd_exposure,avg_stress_ret_krw=-0.000621
TSLA,us_stock,USD,market_beta_sp500,S&P500 beta,positive,1.802684,high,1.802684,beta_sp500_1y_krw,SPY와 같은 방향,SPY와 반대 방향,usd_exposure,beta_sp500_1y_krw=1.802684
TSLA,us_stock,USD,downside_beta_sp500,S&P500 downside beta,positive,1.780829,high,1.780829,downside_beta_sp500_1y_krw,미국 증시 하락일에 함께 하락,미국 증시 하락일에 반대로 움직임,usd_exposure,downside_beta_sp500_1y_krw=1.780829
TSLA,us_stock,USD,corr_sp500_60d,S&P500 60d correlation,positive,0.58866,medium,0.58866,corr_sp500_60d_krw,SPY와 같은 방향,SPY와 반대 방향,usd_exposure,corr_sp500_60d_krw=0.58866
TSLA,us_stock,USD,corr_kospi200_60d,KOSPI200 60d correlation,negative,0.248136,low,-0.248136,corr_kospi200_60d_krw,KOSPI200과 같은 방향,KOSPI200과 반대 방향,usd_exposure,corr_kospi200_60d_krw=-0.248136
TSLA,us_stock,USD,stress_response,Stress-period average return,negative,0.002338,medium,-0.002338,avg_stress_ret_krw,위기구간에서 플러스 성과,위기구간에서 마이너스 성과,usd_exposure,avg_stress_ret_krw=-0.002338
UNH,us_stock,USD,market_beta_sp500,S&P500 beta,positive,0.569733,medium,0.569733,beta_sp500_1y_krw,SPY와 같은 방향,SPY와 반대 방향,defensive_proxy|usd_exposure,beta_sp500_1y_krw=0.569733
UNH,us_stock,USD,downside_beta_sp500,S&P500 downside beta,positive,0.528131,medium,0.528131,downside_beta_sp500_1y_krw,미국 증시 하락일에 함께 하락,미국 증시 하락일에 반대로 움직임,defensive_proxy|usd_exposure,downside_beta_sp500_1y_krw=0.528131
UNH,us_stock,USD,corr_sp500_60d,S&P500 60d correlation,positive,0.208169,low,0.208169,corr_sp500_60d_krw,SPY와 같은 방향,SPY와 반대 방향,defensive_proxy|usd_exposure,corr_sp500_60d_krw=0.208169
UNH,us_stock,USD,corr_kospi200_60d,KOSPI200 60d correlation,negative,0.206191,low,-0.206191,corr_kospi200_60d_krw,KOSPI200과 같은 방향,KOSPI200과 반대 방향,defensive_proxy|usd_exposure,corr_kospi200_60d_krw=-0.206191
UNH,us_stock,USD,stress_response,Stress-period average return,negative,0.002529,medium,-0.002529,avg_stress_ret_krw,위기구간에서 플러스 성과,위기구간에서 마이너스 성과,defensive_proxy|usd_exposure,avg_stress_ret_krw=-0.002529
USO,commodity_etf,USD,market_beta_sp500,S&P500 beta,positive,0.515375,medium,0.515375,beta_sp500_1y_krw,SPY와 같은 방향,SPY와 반대 방향,geopolitical_proxy|inflation_proxy|usd_exposure,beta_sp500_1y_krw=0.515375
USO,commodity_etf,USD,downside_beta_sp500,S&P500 downside beta,positive,0.872925,medium,0.872925,downside_beta_sp500_1y_krw,미국 증시 하락일에 함께 하락,미국 증시 하락일에 반대로 움직임,geopolitical_proxy|inflation_proxy|usd_exposure,downside_beta_sp500_1y_krw=0.872925
USO,commodity_etf,USD,corr_sp500_60d,S&P500 60d correlation,positive,0.144387,low,0.144387,corr_sp500_60d_krw,SPY와 같은 방향,SPY와 반대 방향,geopolitical_proxy|inflation_proxy|usd_exposure,corr_sp500_60d_krw=0.144387
USO,commodity_etf,USD,corr_kospi200_60d,KOSPI200 60d correlation,neutral,0.064178,low,0.064178,corr_kospi200_60d_krw,KOSPI200과 같은 방향,KOSPI200과 반대 방향,geopolitical_proxy|inflation_proxy|usd_exposure,corr_kospi200_60d_krw=0.064178
USO,commodity_etf,USD,stress_response,Stress-period average return,negative,0.000878,low,-0.000878,avg_stress_ret_krw,위기구간에서 플러스 성과,위기구간에서 마이너스 성과,geopolitical_proxy|inflation_proxy|usd_exposure,avg_stress_ret_krw=-0.000878
V,us_stock,USD,market_beta_sp500,S&P500 beta,positive,0.877305,medium,0.877305,beta_sp500_1y_krw,SPY와 같은 방향,SPY와 반대 방향,usd_exposure,beta_sp500_1y_krw=0.877305
V,us_stock,USD,downside_beta_sp500,S&P500 downside beta,positive,0.806006,medium,0.806006,downside_beta_sp500_1y_krw,미국 증시 하락일에 함께 하락,미국 증시 하락일에 반대로 움직임,usd_exposure,downside_beta_sp500_1y_krw=0.806006
V,us_stock,USD,corr_sp500_60d,S&P500 60d correlation,positive,0.494999,medium,0.494999,corr_sp500_60d_krw,SPY와 같은 방향,SPY와 반대 방향,usd_exposure,corr_sp500_60d_krw=0.494999
V,us_stock,USD,corr_kospi200_60d,KOSPI200 60d correlation,negative,0.3487,medium,-0.3487,corr_kospi200_60d_krw,KOSPI200과 같은 방향,KOSPI200과 반대 방향,usd_exposure,corr_kospi200_60d_krw=-0.3487
V,us_stock,USD,stress_response,Stress-period average return,positive,0.002397,medium,0.002397,avg_stress_ret_krw,위기구간에서 플러스 성과,위기구간에서 마이너스 성과,usd_exposure,avg_stress_ret_krw=0.002397
VNQ,etf,USD,market_beta_sp500,S&P500 beta,positive,0.768171,medium,0.768171,beta_sp500_1y_krw,SPY와 같은 방향,SPY와 반대 방향,usd_exposure,beta_sp500_1y_krw=0.768171
VNQ,etf,USD,downside_beta_sp500,S&P500 downside beta,positive,0.785347,medium,0.785347,downside_beta_sp500_1y_krw,미국 증시 하락일에 함께 하락,미국 증시 하락일에 반대로 움직임,usd_exposure,downside_beta_sp500_1y_krw=0.785347
VNQ,etf,USD,corr_sp500_60d,S&P500 60d correlation,positive,0.641387,high,0.641387,corr_sp500_60d_krw,SPY와 같은 방향,SPY와 반대 방향,usd_exposure,corr_sp500_60d_krw=0.641387
VNQ,etf,USD,corr_kospi200_60d,KOSPI200 60d correlation,negative,0.384146,medium,-0.384146,corr_kospi200_60d_krw,KOSPI200과 같은 방향,KOSPI200과 반대 방향,usd_exposure,corr_kospi200_60d_krw=-0.384146
VNQ,etf,USD,stress_response,Stress-period average return,neutral,0.000385,low,-0.000385,avg_stress_ret_krw,위기구간에서 플러스 성과,위기구간에서 마이너스 성과,usd_exposure,avg_stress_ret_krw=-0.000385
VTI,etf,USD,market_beta_sp500,S&P500 beta,positive,1.01297,high,1.01297,beta_sp500_1y_krw,SPY와 같은 방향,SPY와 반대 방향,usd_exposure,beta_sp500_1y_krw=1.01297
VTI,etf,USD,downside_beta_sp500,S&P500 downside beta,positive,1.006519,high,1.006519,downside_beta_sp500_1y_krw,미국 증시 하락일에 함께 하락,미국 증시 하락일에 반대로 움직임,usd_exposure,downside_beta_sp500_1y_krw=1.006519
VTI,etf,USD,corr_sp500_60d,S&P500 60d correlation,positive,0.997591,high,0.997591,corr_sp500_60d_krw,SPY와 같은 방향,SPY와 반대 방향,usd_exposure,corr_sp500_60d_krw=0.997591
VTI,etf,USD,corr_kospi200_60d,KOSPI200 60d correlation,negative,0.464215,medium,-0.464215,corr_kospi200_60d_krw,KOSPI200과 같은 방향,KOSPI200과 반대 방향,usd_exposure,corr_kospi200_60d_krw=-0.464215
VTI,etf,USD,stress_response,Stress-period average return,positive,0.000579,low,0.000579,avg_stress_ret_krw,위기구간에서 플러스 성과,위기구간에서 마이너스 성과,usd_exposure,avg_stress_ret_krw=0.000579
VXUS,etf,USD,market_beta_sp500,S&P500 beta,positive,0.739131,medium,0.739131,beta_sp500_1y_krw,SPY와 같은 방향,SPY와 반대 방향,usd_exposure,beta_sp500_1y_krw=0.739131
VXUS,etf,USD,downside_beta_sp500,S&P500 downside beta,positive,0.726522,medium,0.726522,downside_beta_sp500_1y_krw,미국 증시 하락일에 함께 하락,미국 증시 하락일에 반대로 움직임,usd_exposure,downside_beta_sp500_1y_krw=0.726522
VXUS,etf,USD,corr_sp500_60d,S&P500 60d correlation,positive,0.838077,high,0.838077,corr_sp500_60d_krw,SPY와 같은 방향,SPY와 반대 방향,usd_exposure,corr_sp500_60d_krw=0.838077
VXUS,etf,USD,corr_kospi200_60d,KOSPI200 60d correlation,negative,0.314151,medium,-0.314151,corr_kospi200_60d_krw,KOSPI200과 같은 방향,KOSPI200과 반대 방향,usd_exposure,corr_kospi200_60d_krw=-0.314151
VXUS,etf,USD,stress_response,Stress-period average return,neutral,0.000349,low,0.000349,avg_stress_ret_krw,위기구간에서 플러스 성과,위기구간에서 마이너스 성과,usd_exposure,avg_stress_ret_krw=0.000349
XLE,etf,USD,market_beta_sp500,S&P500 beta,positive,0.772289,medium,0.772289,beta_sp500_1y_krw,SPY와 같은 방향,SPY와 반대 방향,geopolitical_proxy|usd_exposure,beta_sp500_1y_krw=0.772289
XLE,etf,USD,downside_beta_sp500,S&P500 downside beta,positive,0.992585,medium,0.992585,downside_beta_sp500_1y_krw,미국 증시 하락일에 함께 하락,미국 증시 하락일에 반대로 움직임,geopolitical_proxy|usd_exposure,downside_beta_sp500_1y_krw=0.992585
XLE,etf,USD,corr_sp500_60d,S&P500 60d correlation,positive,0.361676,medium,0.361676,corr_sp500_60d_krw,SPY와 같은 방향,SPY와 반대 방향,geopolitical_proxy|usd_exposure,corr_sp500_60d_krw=0.361676
XLE,etf,USD,corr_kospi200_60d,KOSPI200 60d correlation,neutral,0.008176,low,0.008176,corr_kospi200_60d_krw,KOSPI200과 같은 방향,KOSPI200과 반대 방향,geopolitical_proxy|usd_exposure,corr_kospi200_60d_krw=0.008176
XLE,etf,USD,stress_response,Stress-period average return,negative,0.001269,low,-0.001269,avg_stress_ret_krw,위기구간에서 플러스 성과,위기구간에서 마이너스 성과,geopolitical_proxy|usd_exposure,avg_stress_ret_krw=-0.001269
XLP,etf,USD,market_beta_sp500,S&P500 beta,positive,0.530593,medium,0.530593,beta_sp500_1y_krw,SPY와 같은 방향,SPY와 반대 방향,defensive_proxy|usd_exposure,beta_sp500_1y_krw=0.530593
XLP,etf,USD,downside_beta_sp500,S&P500 downside beta,positive,0.540135,medium,0.540135,downside_beta_sp500_1y_krw,미국 증시 하락일에 함께 하락,미국 증시 하락일에 반대로 움직임,defensive_proxy|usd_exposure,downside_beta_sp500_1y_krw=0.540135
XLP,etf,USD,corr_sp500_60d,S&P500 60d correlation,positive,0.442199,medium,0.442199,corr_sp500_60d_krw,SPY와 같은 방향,SPY와 반대 방향,defensive_proxy|usd_exposure,corr_sp500_60d_krw=0.442199
XLP,etf,USD,corr_kospi200_60d,KOSPI200 60d correlation,negative,0.372735,medium,-0.372735,corr_kospi200_60d_krw,KOSPI200과 같은 방향,KOSPI200과 반대 방향,defensive_proxy|usd_exposure,corr_kospi200_60d_krw=-0.372735
XLP,etf,USD,stress_response,Stress-period average return,negative,0.000975,low,-0.000975,avg_stress_ret_krw,위기구간에서 플러스 성과,위기구간에서 마이너스 성과,defensive_proxy|usd_exposure,avg_stress_ret_krw=-0.000975
XLU,etf,USD,market_beta_sp500,S&P500 beta,positive,0.548642,medium,0.548642,beta_sp500_1y_krw,SPY와 같은 방향,SPY와 반대 방향,defensive_proxy|usd_exposure,beta_sp500_1y_krw=0.548642
XLU,etf,USD,downside_beta_sp500,S&P500 downside beta,positive,0.532989,medium,0.532989,downside_beta_sp500_1y_krw,미국 증시 하락일에 함께 하락,미국 증시 하락일에 반대로 움직임,defensive_proxy|usd_exposure,downside_beta_sp500_1y_krw=0.532989
XLU,etf,USD,corr_sp500_60d,S&P500 60d correlation,positive,0.484881,medium,0.484881,corr_sp500_60d_krw,SPY와 같은 방향,SPY와 반대 방향,defensive_proxy|usd_exposure,corr_sp500_60d_krw=0.484881
XLU,etf,USD,corr_kospi200_60d,KOSPI200 60d correlation,negative,0.332219,medium,-0.332219,corr_kospi200_60d_krw,KOSPI200과 같은 방향,KOSPI200과 반대 방향,defensive_proxy|usd_exposure,corr_kospi200_60d_krw=-0.332219
XLU,etf,USD,stress_response,Stress-period average return,neutral,0.000268,low,-0.000268,avg_stress_ret_krw,위기구간에서 플러스 성과,위기구간에서 마이너스 성과,defensive_proxy|usd_exposure,avg_stress_ret_krw=-0.000268
XLV,etf,USD,market_beta_sp500,S&P500 beta,positive,0.65115,medium,0.65115,beta_sp500_1y_krw,SPY와 같은 방향,SPY와 반대 방향,defensive_proxy|usd_exposure,beta_sp500_1y_krw=0.65115
XLV,etf,USD,downside_beta_sp500,S&P500 downside beta,positive,0.625551,medium,0.625551,downside_beta_sp500_1y_krw,미국 증시 하락일에 함께 하락,미국 증시 하락일에 반대로 움직임,defensive_proxy|usd_exposure,downside_beta_sp500_1y_krw=0.625551
XLV,etf,USD,corr_sp500_60d,S&P500 60d correlation,positive,0.647828,high,0.647828,corr_sp500_60d_krw,SPY와 같은 방향,SPY와 반대 방향,defensive_proxy|usd_exposure,corr_sp500_60d_krw=0.647828
XLV,etf,USD,corr_kospi200_60d,KOSPI200 60d correlation,negative,0.529975,medium,-0.529975,corr_kospi200_60d_krw,KOSPI200과 같은 방향,KOSPI200과 반대 방향,defensive_proxy|usd_exposure,corr_kospi200_60d_krw=-0.529975
XLV,etf,USD,stress_response,Stress-period average return,positive,0.000689,low,0.000689,avg_stress_ret_krw,위기구간에서 플러스 성과,위기구간에서 마이너스 성과,defensive_proxy|usd_exposure,avg_stress_ret_krw=0.000689
XOM,us_stock,USD,market_beta_sp500,S&P500 beta,positive,0.641751,medium,0.641751,beta_sp500_1y_krw,SPY와 같은 방향,SPY와 반대 방향,usd_exposure,beta_sp500_1y_krw=0.641751
XOM,us_stock,USD,downside_beta_sp500,S&P500 downside beta,positive,0.830987,medium,0.830987,downside_beta_sp500_1y_krw,미국 증시 하락일에 함께 하락,미국 증시 하락일에 반대로 움직임,usd_exposure,downside_beta_sp500_1y_krw=0.830987
XOM,us_stock,USD,corr_sp500_60d,S&P500 60d correlation,positive,0.266648,low,0.266648,corr_sp500_60d_krw,SPY와 같은 방향,SPY와 반대 방향,usd_exposure,corr_sp500_60d_krw=0.266648
XOM,us_stock,USD,corr_kospi200_60d,KOSPI200 60d correlation,neutral,0.02369,low,0.02369,corr_kospi200_60d_krw,KOSPI200과 같은 방향,KOSPI200과 반대 방향,usd_exposure,corr_kospi200_60d_krw=0.02369
XOM,us_stock,USD,stress_response,Stress-period average return,negative,0.001213,low,-0.001213,avg_stress_ret_krw,위기구간에서 플러스 성과,위기구간에서 마이너스 성과,usd_exposure,avg_stress_ret_krw=-0.001213
XRP-USD,crypto,USD,market_beta_sp500,S&P500 beta,positive,1.173352,high,1.173352,beta_sp500_1y_krw,SPY와 같은 방향,SPY와 반대 방향,usd_exposure,beta_sp500_1y_krw=1.173352
XRP-USD,crypto,USD,downside_beta_sp500,S&P500 downside beta,positive,0.957208,medium,0.957208,downside_beta_sp500_1y_krw,미국 증시 하락일에 함께 하락,미국 증시 하락일에 반대로 움직임,usd_exposure,downside_beta_sp500_1y_krw=0.957208
XRP-USD,crypto,USD,corr_sp500_60d,S&P500 60d correlation,positive,0.536198,medium,0.536198,corr_sp500_60d_krw,SPY와 같은 방향,SPY와 반대 방향,usd_exposure,corr_sp500_60d_krw=0.536198
XRP-USD,crypto,USD,corr_kospi200_60d,KOSPI200 60d correlation,neutral,0.055524,low,-0.055524,corr_kospi200_60d_krw,KOSPI200과 같은 방향,KOSPI200과 반대 방향,usd_exposure,corr_kospi200_60d_krw=-0.055524
XRP-USD,crypto,USD,stress_response,Stress-period average return,positive,0.006641,high,0.006641,avg_stress_ret_krw,위기구간에서 플러스 성과,위기구간에서 마이너스 성과,usd_exposure,avg_stress_ret_krw=0.006641
