ticker,asset_class,currency,vol_annual,mdd_1y,var_95_1y,cvar_95_1y,beta_sp500_1y,downside_beta_sp500_1y,corr_sp500_60d,corr_kospi200_60d,avg_stress_ret,adv_60,vol_annual_krw,mdd_1y_krw,var_95_1y_krw,cvar_95_1y_krw,beta_sp500_1y_krw,downside_beta_sp500_1y_krw,corr_sp500_60d_krw,corr_kospi200_60d_krw,avg_stress_ret_krw,annual_return_1y_krw,sharpe_1y_krw_proxy,data_version
000270.KS,kr_stock,KRW,0.340595,-0.25534,-0.033481,-0.061262,-0.049609,-0.048618,-0.271043,0.654477,-0.001682,267353711815.0,0.340595,-0.25534,-0.033481,-0.061262,-0.049609,-0.048618,-0.271043,0.654477,-0.001682,0.827276,1.783547,20260311T191644822219-60e09191
000660.KS,kr_stock,KRW,0.446363,-0.239308,-0.055407,-0.080837,-0.026848,0.062254,-0.365157,0.892238,-0.003018,3534146532923.9854,0.446363,-0.239308,-0.055407,-0.080837,-0.026848,0.062254,-0.365157,0.892238,-0.003018,3.715962,6.128989,20260311T191644822219-60e09191
000810.KS,kr_stock,KRW,0.382504,-0.257143,-0.038341,-0.067438,-0.078763,-0.056822,-0.045126,0.261842,-0.00137,55288508858.333336,0.382504,-0.257143,-0.038341,-0.067438,-0.078763,-0.056822,-0.045126,0.261842,-0.00137,0.347706,0.592426,20260311T191644822219-60e09191
003670.KS,kr_stock,KRW,0.581015,-0.337086,-0.050673,-0.073154,-0.091485,-0.107953,-0.447296,0.690082,-0.009845,105379188320.0,0.581015,-0.337086,-0.050673,-0.073154,-0.091485,-0.107953,-0.447296,0.690082,-0.009845,0.375817,0.526613,20260311T191644822219-60e09191
005380.KS,kr_stock,KRW,0.358091,-0.256677,-0.038039,-0.064211,-0.046692,0.047033,-0.216556,0.585533,-0.002556,1208160195727.4849,0.358091,-0.256677,-0.038039,-0.064211,-0.046692,0.047033,-0.216556,0.585533,-0.002556,1.742357,3.123619,20260311T191644822219-60e09191
005490.KS,kr_stock,KRW,0.409575,-0.296687,-0.035524,-0.060229,-0.084799,-0.122753,-0.370433,0.651178,-0.006627,219454688714.4198,0.409575,-0.296687,-0.035524,-0.060229,-0.084799,-0.122753,-0.370433,0.651178,-0.006627,0.280399,0.556145,20260311T191644822219-60e09191
005930.KS,kr_stock,KRW,0.301092,-0.210092,-0.034219,-0.060643,-0.073128,-0.029293,-0.462833,0.942501,-0.005609,4776683455995.5205,0.301092,-0.210092,-0.034219,-0.060643,-0.073128,-0.029293,-0.462833,0.942501,-0.005609,2.387402,5.223693,20260311T191644822219-60e09191
006400.KS,kr_stock,KRW,0.447885,-0.328302,-0.048991,-0.06999,-0.138227,-0.130596,-0.403416,0.667757,-0.008172,361388803791.6667,0.447885,-0.328302,-0.048991,-0.06999,-0.138227,-0.130596,-0.403416,0.667757,-0.008172,0.619433,1.004347,20260311T191644822219-60e09191
011200.KS,kr_stock,KRW,0.473918,-0.280925,-0.030998,-0.053398,-0.183994,-0.189747,-0.375652,0.284802,-0.004006,49045758019.49035,0.473918,-0.280925,-0.030998,-0.053398,-0.183994,-0.189747,-0.375652,0.284802,-0.004006,0.115781,0.205598,20260311T191644822219-60e09191
017670.KS,kr_stock,KRW,0.25321,-0.187283,-0.018505,-0.045438,-0.107411,0.04095,-0.517674,0.556594,-0.000498,92014490718.33333,0.25321,-0.187283,-0.018505,-0.045438,-0.107411,0.04095,-0.517674,0.556594,-0.000498,0.394499,1.070342,20260311T191644822219-60e09191
032830.KS,kr_stock,KRW,0.340534,-0.197154,-0.033362,-0.050228,-0.093767,-0.075107,-0.422607,0.685514,-0.003578,70824942995.544,0.340534,-0.197154,-0.033362,-0.050228,-0.093767,-0.075107,-0.422607,0.685514,-0.003578,1.567286,3.462328,20260311T191644822219-60e09191
034020.KS,kr_stock,KRW,0.551132,-0.269027,-0.057748,-0.081449,-0.042955,0.155164,-0.296101,0.755471,-0.005263,634118684888.3334,0.551132,-0.269027,-0.057748,-0.081449,-0.042955,0.155164,-0.296101,0.755471,-0.005263,2.594306,3.882573,20260311T191644822219-60e09191
035420.KS,kr_stock,KRW,0.365752,-0.276472,-0.043743,-0.060212,-0.081642,0.014165,-0.325358,0.631932,-0.006767,362893763763.42346,0.365752,-0.276472,-0.043743,-0.060212,-0.081642,0.014165,-0.325358,0.631932,-0.006767,-0.011262,-0.089393,20260311T191644822219-60e09191
035720.KS,kr_stock,KRW,0.419683,-0.331676,-0.039157,-0.068055,-0.102612,-0.025291,-0.459312,0.738983,-0.009048,169998753243.5355,0.419683,-0.331676,-0.039157,-0.068055,-0.102612,-0.025291,-0.459312,0.738983,-0.009048,0.290728,0.490147,20260311T191644822219-60e09191
051910.KS,kr_stock,KRW,0.450898,-0.32691,-0.046008,-0.076497,-0.077625,-0.057299,-0.332189,0.688437,-0.007061,128318800291.66667,0.450898,-0.32691,-0.046008,-0.076497,-0.077625,-0.057299,-0.332189,0.688437,-0.007061,0.239441,0.373821,20260311T191644822219-60e09191
055550.KS,kr_stock,KRW,0.293487,-0.157864,-0.027039,-0.039525,-0.063363,-0.072488,-0.327076,0.605396,-0.00497,132157718309.36684,0.293487,-0.157864,-0.027039,-0.039525,-0.063363,-0.072488,-0.327076,0.605396,-0.00497,1.001055,2.950413,20260311T191644822219-60e09191
066570.KS,kr_stock,KRW,0.369477,-0.256987,-0.034778,-0.058255,-0.00832,0.099759,-0.254559,0.574431,-0.006067,190059065121.66666,0.369477,-0.256987,-0.034778,-0.058255,-0.00832,0.099759,-0.254559,0.574431,-0.006067,0.431608,0.853267,20260311T191644822219-60e09191
068270.KS,kr_stock,KRW,0.370378,-0.205634,-0.032667,-0.049117,-0.127553,-0.1212,-0.295603,0.655309,-0.001792,166015865928.41223,0.370378,-0.205634,-0.032667,-0.049117,-0.127553,-0.1212,-0.295603,0.655309,-0.001792,0.226233,0.534876,20260311T191644822219-60e09191
105560.KS,kr_stock,KRW,0.342565,-0.176359,-0.034217,-0.050839,-0.043784,-0.038052,-0.217528,0.663086,-0.004102,172055169166.26846,0.342565,-0.176359,-0.034217,-0.050839,-0.043784,-0.038052,-0.217528,0.663086,-0.004102,0.928484,2.399766,20260311T191644822219-60e09191
207940.KS,kr_stock,KRW,0.298127,-0.228499,-0.033445,-0.053442,-0.074739,-0.233229,-0.438906,0.639677,-0.001544,103201799116.66667,0.298127,-0.228499,-0.033445,-0.053442,-0.074739,-0.233229,-0.438906,0.639677,-0.001544,-0.063685,-0.268309,20260311T191644822219-60e09191
AAPL,us_stock,USD,0.282572,-0.221148,-0.032886,-0.050266,1.20409,1.252174,0.601582,-0.390533,0.000211,18589798397303.24,0.282572,-0.221148,-0.032886,-0.050266,1.20409,1.252174,0.601582,-0.390533,0.000211,0.109387,0.239907,20260311T191644822219-60e09191
AMZN,us_stock,USD,0.35537,-0.211379,-0.033416,-0.050219,1.40007,1.554171,0.545025,-0.267464,0.001419,15822121891734.729,0.35537,-0.211379,-0.033416,-0.050219,1.40007,1.554171,0.545025,-0.267464,0.001419,0.089047,0.161839,20260311T191644822219-60e09191
AVGO,us_stock,USD,0.427518,-0.263454,-0.041834,-0.061772,1.532589,1.527886,0.570224,-0.186229,0.001733,15729507019180.102,0.427518,-0.263454,-0.041834,-0.061772,1.532589,1.527886,0.570224,-0.186229,0.001733,0.795086,1.572002,20260311T191644822219-60e09191
BNB-USD,crypto,USD,0.588079,-0.547629,-0.041879,-0.072363,1.048368,1.06175,0.579869,-0.174954,0.009049,2318786344656938.5,0.588079,-0.547629,-0.041879,-0.072363,1.048368,1.06175,0.579869,-0.174954,0.009049,0.05738,0.055419,20260311T191644822219-60e09191
BRK-B,us_stock,USD,0.192631,-0.194209,-0.019204,-0.035583,0.725596,0.749844,0.338233,-0.344637,0.001755,3534033754101.8276,0.192631,-0.194209,-0.019204,-0.035583,0.725596,0.749844,0.338233,-0.344637,0.001755,0.0094,-0.095931,20260311T191644822219-60e09191
BTC-USD,crypto,USD,0.470186,-0.479496,-0.036802,-0.0553,1.097302,0.996664,0.642993,-0.247765,0.007618,5.171457602556728e+18,0.470186,-0.479496,-0.036802,-0.0553,1.097302,0.996664,0.642993,-0.247765,0.007618,-0.30525,-0.866774,20260311T191644822219-60e09191
COST,us_stock,USD,0.241978,-0.149391,-0.025359,-0.034478,0.841169,0.901112,0.501529,-0.400483,-0.000411,3561076595579.6377,0.241978,-0.149391,-0.025359,-0.034478,0.841169,0.901112,0.501529,-0.400483,-0.000411,0.051424,0.091445,20260311T191644822219-60e09191
DBC,commodity_etf,USD,0.209656,-0.145722,-0.016677,-0.030896,0.403289,0.602515,0.337271,-0.012516,-0.002503,33038140663.32702,0.209656,-0.145722,-0.016677,-0.030896,0.403289,0.602515,0.337271,-0.012516,-0.002503,0.315869,1.387443,20260311T191644822219-60e09191
DIA,etf,USD,0.163211,-0.130646,-0.019458,-0.029796,0.838967,0.824424,0.912647,-0.463046,-3.1e-05,4586032484924.374,0.163211,-0.130646,-0.019458,-0.029796,0.838967,0.824424,0.912647,-0.463046,-3.1e-05,0.146633,0.616526,20260311T191644822219-60e09191
EFA,etf,USD,0.167567,-0.127408,-0.015628,-0.027585,0.764659,0.737578,0.831765,-0.357034,0.00087,3353753237577.289,0.167567,-0.127408,-0.015628,-0.027585,0.764659,0.737578,0.831765,-0.357034,0.00087,0.232311,1.139833,20260311T191644822219-60e09191
ETH-USD,crypto,USD,0.632614,-0.606647,-0.057294,-0.08163,1.441458,1.427841,0.616198,-0.159826,0.006639,9.057296127467424e+16,0.632614,-0.606647,-0.057294,-0.08163,1.441458,1.427841,0.616198,-0.159826,0.006639,-0.14419,-0.286823,20260311T191644822219-60e09191
EWY,etf,USD,0.248387,-0.152832,-0.027616,-0.042877,0.820198,0.812764,0.553482,-0.040387,-0.003603,2865552585355.318,0.248387,-0.152832,-0.027616,-0.042877,0.820198,0.812764,0.553482,-0.040387,-0.003603,1.422444,4.318948,20260311T191644822219-60e09191
GLD,gold_etf,USD,0.184038,-0.126908,-0.024507,-0.038779,0.225365,0.258398,0.246325,0.07153,-0.000407,11790667529426.021,0.184038,-0.126908,-0.024507,-0.038779,0.225365,0.258398,0.246325,0.07153,-0.000407,0.802587,2.9109,20260311T191644822219-60e09191
GOOGL,us_stock,USD,0.309845,-0.160558,-0.026502,-0.037909,1.174795,1.11653,0.612115,-0.333312,0.000463,15770032022055.588,0.309845,-0.160558,-0.026502,-0.037909,1.174795,1.11653,0.612115,-0.333312,0.000463,0.796224,2.481834,20260311T191644822219-60e09191
HD,us_stock,USD,0.244035,-0.171883,-0.02335,-0.034178,0.848152,0.738921,0.462812,-0.270866,-0.000149,2302923549333.4155,0.244035,-0.171883,-0.02335,-0.034178,0.848152,0.738921,0.462812,-0.270866,-0.000149,-0.01645,-0.187969,20260311T191644822219-60e09191
HYG,bond_etf,USD,0.109023,-0.066391,-0.010321,-0.017999,0.446983,0.431126,0.803406,-0.620979,0.000296,4867348125531.141,0.109023,-0.066391,-0.010321,-0.017999,0.446983,0.431126,0.803406,-0.620979,0.000296,0.075731,0.41753,20260311T191644822219-60e09191
IAU,gold_etf,USD,0.183521,-0.126055,-0.024314,-0.038524,0.224879,0.259402,0.245317,0.069636,-0.000411,2019363794163.3853,0.183521,-0.126055,-0.024314,-0.038524,0.224879,0.259402,0.245317,0.069636,-0.000411,0.804145,2.935596,20260311T191644822219-60e09191
IEF,bond_etf,USD,0.114555,-0.096276,-0.008891,-0.017617,0.194679,0.14356,0.642839,-0.594506,4.2e-05,1255579678910.7893,0.114555,-0.096276,-0.008891,-0.017617,0.194679,0.14356,0.642839,-0.594506,4.2e-05,0.070965,0.380203,20260311T191644822219-60e09191
ITA,etf,USD,0.210622,-0.160681,-0.02232,-0.035714,0.856042,0.857519,0.717407,-0.184991,0.000838,339102264826.4205,0.210622,-0.160681,-0.02232,-0.035714,0.856042,0.857519,0.717407,-0.184991,0.000838,0.631086,2.424472,20260311T191644822219-60e09191
IWM,etf,USD,0.232793,-0.150828,-0.022757,-0.036274,1.094901,1.022734,0.872419,-0.32347,0.000445,15196778414018.092,0.232793,-0.150828,-0.022757,-0.036274,1.094901,1.022734,0.872419,-0.32347,0.000445,0.259491,0.924557,20260311T191644822219-60e09191
JNJ,us_stock,USD,0.19113,-0.156213,-0.01733,-0.031912,0.369782,0.335896,0.365938,-0.364794,0.000279,2909480790273.6514,0.19113,-0.156213,-0.01733,-0.031912,0.369782,0.335896,0.365938,-0.364794,0.000279,0.52146,2.316099,20260311T191644822219-60e09191
JPM,us_stock,USD,0.254472,-0.166465,-0.029002,-0.04317,0.932575,0.955281,0.648674,-0.193683,0.002874,4875702825110.146,0.254472,-0.166465,-0.029002,-0.04317,0.932575,0.955281,0.648674,-0.193683,0.002874,0.231265,0.732863,20260311T191644822219-60e09191
KO,us_stock,USD,0.180226,-0.127658,-0.015893,-0.025195,0.439144,0.449076,0.299324,-0.284008,-0.001187,1982803610009.3447,0.180226,-0.127658,-0.015893,-0.025195,0.439144,0.449076,0.299324,-0.284008,-0.001187,0.13641,0.559372,20260311T191644822219-60e09191
LQD,bond_etf,USD,0.116852,-0.087536,-0.00999,-0.017466,0.314211,0.259538,0.728772,-0.61499,-0.000323,5433906355455.357,0.116852,-0.087536,-0.00999,-0.017466,0.314211,0.259538,0.728772,-0.61499,-0.000323,0.071882,0.383818,20260311T191644822219-60e09191
MA,us_stock,USD,0.245751,-0.163104,-0.025875,-0.041151,0.943194,0.8635,0.450926,-0.324144,0.00256,2966162318349.2134,0.245751,-0.163104,-0.025875,-0.041151,0.943194,0.8635,0.450926,-0.324144,0.00256,-0.041419,-0.280178,20260311T191644822219-60e09191
META,us_stock,USD,0.434759,-0.24972,-0.03615,-0.054581,1.462456,1.463222,0.415511,-0.254288,-0.002264,14541991178166.998,0.434759,-0.24972,-0.03615,-0.054581,1.462456,1.463222,0.415511,-0.254288,-0.002264,0.061733,0.0798,20260311T191644822219-60e09191
MSFT,us_stock,USD,0.265381,-0.281582,-0.02588,-0.039256,1.100525,1.096526,0.389777,-0.147359,0.001466,21252342661549.227,0.265381,-0.281582,-0.02588,-0.039256,1.100525,1.096526,0.389777,-0.147359,0.001466,0.052467,0.08351,20260311T191644822219-60e09191
NVDA,us_stock,USD,0.516308,-0.230688,-0.03851,-0.055831,1.919334,1.809297,0.670944,-0.230142,0.000537,47446404649872.75,0.516308,-0.230688,-0.03851,-0.055831,1.919334,1.809297,0.670944,-0.230142,0.000537,0.660454,1.481458,20260311T191644822219-60e09191
PFE,us_stock,USD,0.263451,-0.190995,-0.030337,-0.038883,0.498063,0.518839,0.434155,-0.257227,0.000174,1793107716019.5374,0.263451,-0.190995,-0.030337,-0.038883,0.498063,0.518839,0.434155,-0.257227,0.000174,0.10338,0.260369,20260311T191644822219-60e09191
PG,us_stock,USD,0.194909,-0.201738,-0.020302,-0.031851,0.436426,0.467441,0.188112,-0.343908,-0.001922,2436886053145.7095,0.194909,-0.201738,-0.020302,-0.031851,0.436426,0.467441,0.188112,-0.343908,-0.001922,-0.077678,-0.511673,20260311T191644822219-60e09191
PPA,etf,USD,0.195065,-0.139894,-0.020917,-0.033685,0.84401,0.830992,0.726118,-0.184201,0.000589,74516540607.35666,0.195065,-0.139894,-0.020917,-0.033685,0.84401,0.830992,0.726118,-0.184201,0.000589,0.569775,2.315192,20260311T191644822219-60e09191
QQQ,etf,USD,0.229579,-0.152563,-0.021462,-0.036458,1.203958,1.191276,0.954873,-0.458101,0.000471,54304596760002.58,0.229579,-0.152563,-0.021462,-0.036458,1.203958,1.191276,0.954873,-0.458101,0.000471,0.257531,0.947064,20260311T191644822219-60e09191
SHY,bond_etf,USD,0.097005,-0.088439,-0.008375,-0.017134,0.202908,0.191819,0.688757,-0.59696,0.000232,534241832039.15826,0.097005,-0.088439,-0.008375,-0.017134,0.202908,0.191819,0.688757,-0.59696,0.000232,0.052199,0.216162,20260311T191644822219-60e09191
SOL-USD,crypto,USD,0.889188,-0.673184,-0.062619,-0.089567,1.632155,1.351387,0.594147,-0.199078,0.013669,682304470331678.5,0.889188,-0.673184,-0.062619,-0.089567,1.632155,1.351387,0.594147,-0.199078,0.013669,-0.392054,-0.647892,20260311T191644822219-60e09191
SPY,etf,USD,0.180115,-0.134191,-0.019522,-0.033182,1.0,1.0,1.0,-0.479111,0.00059,83400613186666.56,0.180115,-0.134191,-0.019522,-0.033182,1.0,1.0,1.0,-0.479111,0.00059,0.20441,0.850894,20260311T191644822219-60e09191
TIP,bond_etf,USD,0.107846,-0.092381,-0.008666,-0.017131,0.238353,0.21661,0.686735,-0.556895,-0.000452,425090893332.7804,0.107846,-0.092381,-0.008666,-0.017131,0.238353,0.21661,0.686735,-0.556895,-0.000452,0.064907,0.33227,20260311T191644822219-60e09191
TLT,bond_etf,USD,0.176216,-0.140377,-0.012721,-0.021271,0.200415,0.115228,0.585448,-0.539254,-0.000621,4971757111657.575,0.176216,-0.140377,-0.012721,-0.021271,0.200415,0.115228,0.585448,-0.539254,-0.000621,0.032506,0.018142,20260311T191644822219-60e09191
TSLA,us_stock,USD,0.597359,-0.234485,-0.051481,-0.079215,1.802684,1.780829,0.58866,-0.248136,-0.002338,41542680705616.664,0.597359,-0.234485,-0.051481,-0.079215,1.802684,1.780829,0.58866,-0.248136,-0.002338,0.538812,0.848624,20260311T191644822219-60e09191
UNH,us_stock,USD,0.324745,-0.617202,-0.036638,-0.0935,0.569733,0.528131,0.208169,-0.206191,-0.002529,3961688872679.656,0.324745,-0.617202,-0.036638,-0.0935,0.569733,0.528131,0.208169,-0.206191,-0.002529,-0.401872,-0.835059,20260311T191644822219-60e09191
USO,commodity_etf,USD,0.356086,-0.247877,-0.034279,-0.051382,0.515375,0.872925,0.144387,0.064178,-0.000878,1970411033369.56,0.356086,-0.247877,-0.034279,-0.051382,0.515375,0.872925,0.144387,0.064178,-0.000878,0.486685,1.196003,20260311T191644822219-60e09191
V,us_stock,USD,0.234909,-0.15573,-0.023687,-0.040254,0.877305,0.806006,0.494999,-0.3487,0.002397,3782824054427.0054,0.234909,-0.15573,-0.023687,-0.040254,0.877305,0.806006,0.494999,-0.3487,0.002397,-0.071242,-0.401472,20260311T191644822219-60e09191
VNQ,etf,USD,0.194644,-0.112439,-0.017037,-0.028654,0.768171,0.785347,0.641387,-0.384146,-0.000385,550766764460.1013,0.194644,-0.112439,-0.017037,-0.028654,0.768171,0.785347,0.641387,-0.384146,-0.000385,0.065914,0.202535,20260311T191644822219-60e09191
VTI,etf,USD,0.183262,-0.136095,-0.019902,-0.033237,1.01297,1.006519,0.997591,-0.464215,0.000579,3074804590112.8657,0.183262,-0.136095,-0.019902,-0.033237,1.01297,1.006519,0.997591,-0.464215,0.000579,0.206236,0.856711,20260311T191644822219-60e09191
VXUS,etf,USD,0.161632,-0.121369,-0.015169,-0.02706,0.739131,0.726522,0.838077,-0.314151,0.000349,1152710094668.3562,0.161632,-0.121369,-0.015169,-0.02706,0.739131,0.726522,0.838077,-0.314151,0.000349,0.296398,1.558733,20260311T191644822219-60e09191
XLE,etf,USD,0.275024,-0.199312,-0.025704,-0.044393,0.772289,0.992585,0.361676,0.008176,-0.001269,3906806842509.893,0.275024,-0.199312,-0.025704,-0.044393,0.772289,0.992585,0.361676,0.008176,-0.001269,0.330686,1.108596,20260311T191644822219-60e09191
XLP,etf,USD,0.157314,-0.091776,-0.015898,-0.025834,0.530593,0.540135,0.442199,-0.372735,-0.000975,2488623226120.116,0.157314,-0.091776,-0.015898,-0.025834,0.530593,0.540135,0.442199,-0.372735,-0.000975,0.075977,0.27168,20260311T191644822219-60e09191
XLU,etf,USD,0.184977,-0.079573,-0.018186,-0.027086,0.548642,0.532989,0.484881,-0.332219,-0.000268,1652371122214.9956,0.184977,-0.079573,-0.018186,-0.027086,0.548642,0.532989,0.484881,-0.332219,-0.000268,0.254623,1.292595,20260311T191644822219-60e09191
XLV,etf,USD,0.164592,-0.167088,-0.019557,-0.030056,0.65115,0.625551,0.647828,-0.529975,0.000689,2989320532229.1396,0.164592,-0.167088,-0.019557,-0.030056,0.65115,0.625551,0.647828,-0.529975,0.000689,0.056939,0.135502,20260311T191644822219-60e09191
XOM,us_stock,USD,0.281709,-0.204821,-0.02831,-0.042178,0.641751,0.830987,0.266648,0.02369,-0.001213,3978469470197.6655,0.281709,-0.204821,-0.02831,-0.042178,0.641751,0.830987,0.266648,0.02369,-0.001213,0.422887,1.437497,20260311T191644822219-60e09191
XRP-USD,crypto,USD,0.810878,-0.639381,-0.05217,-0.08237,1.173352,0.957208,0.536198,-0.055524,0.006641,7878669311810.293,0.810878,-0.639381,-0.05217,-0.08237,1.173352,0.957208,0.536198,-0.055524,0.006641,-0.328904,-0.55908,20260311T191644822219-60e09191
